一,一,one,"イチ、イツ、ひと、ひと-つ ichi, itsu, hito, hito-tsu",1
右,口,right (direction),"ウ、ユウ、みぎ u, yū, migi",5
雨,雨,rain,"ウ、あめ、（あま） u, ame, (ama)",8
円,囗,"round, yen","エン、まる-い en, maru-i",4
王,玉,king,オウ ō,4
音,音,sound,"オン、イン、おと、ね on, in, oto, ne",9
下,一,below,"カ、ゲ、した、しも、もと、さ-げる、さ-がる、くだ-る、くだ-す、くだ-さる、お-ろす、お-りる ka, ge, shita, shimo, moto, sa-geru, sa-garu, kuda-ru, kuda-su, kuda-saru, o-rosu, o-riru",3
火,火,fire,"カ、ひ、（ほ） ka, hi, (ho)",4
花,艸,flower,"カ、はな ka, hana",7
貝,貝,shellfish,かい kai,7
学,子,study,"ガク、まな-ぶ gaku, mana-bu",8
気,气,feeling,"キ、ケ ki, ke",6
九,乙,nine,"キュウ、ク、ここの、ここの-つ kyū, ku, kokono, kokono-tsu",2
休,人,rest,"キュウ、やす-む、やす-まる、やす-める kyū, yasu-mu, yasu-maru, yasu-meru",6
玉,玉,ball,"ギョク、たま gyoku, tama",5
金,金,gold,"キン、コン、かね、（かな） kin, kon, kane, (kana)",8
空,穴,sky,"クウ、そら、あ-く、あ-ける、から kū, sora, a-ku, a-keru, kara",8
月,月,"month, moon","ゲツ、ガツ、つき getsu, gatsu, tsuki",4
犬,犬,dog,"ケン、いぬ ken, inu",4
見,見,see,"ケン、み-る、み-える、み-せる ken, mi-ru, mi-eru, mi-seru",7
五,二,five,"ゴ、いつ、いつ-つ go, itsu, itsu-tsu",4
口,口,mouth,"コウ、ク、くち kō, ku, kuchi",3
校,木,school,コウ kō,10
左,工,left (direction),"サ、ひだり sa, hidari",5
三,一,three,"サン、み、み-つ、みっ-つ san, mi, mi-tsu, mi'-tsu",3
山,山,mountain,"サン、やま san, yama",3
子,子,child,"シ、ス、こ shi, su, ko",3
四,囗,four,"シ、よ、よ-つ、よっ-つ、よん shi, yo, yo-tsu, yo'-tsu, yon",5
糸,糸,thread,"シ、いと shi, ito",6
字,子,letter,"ジ、あざ ji, aza",6
耳,耳,ear,"ジ、みみ ji, mimi",6
七,一,seven,"シチ、なな、なな-つ、（なの） shichi, nana, nana-tsu, (nano)",2
車,車,car,"シャ、くるま sha, kuruma",7
手,手,hand,"シュ、て、（た） shu, te, (ta)",4
十,十,ten,"ジュウ、ジッ、とお、と jū, ji', too, to",2
出,凵,exit,"シュツ、（スイ）、で-る、だ-す shutsu, (sui), de-ru, da-su",5
女,女,woman,"ジョ、ニョ、（ニョウ）、おんな、め jo, nyo, (nyō), onna, me",3
小,小,small,"ショウ、ちい-さい、こ、お shō, chii-sai, ko, o",3
上,一,up,"ジョウ、（ショウ）、うえ、（うわ）、かみ、あ-げる、あ-がる、のぼ-る、のぼ-せる、のぼ-す jō, (shō), ue, (uwa), kami, a-geru, a-garu, nobo-ru, nobo-seru, nobo-su",3
森,木,forest,"シン、もり shin, mori",12
人,人,person,"ジン、ニン、ひと jin, nin, hito",2
水,水,water,"スイ、みず sui, mizu",4
正,止,correct,"セイ、ショウ、ただ-しい、ただ-す、まさ sei, shō, tada-shii, tada-su, masa",5
生,生,life,"セイ、ショウ、い-きる、い-かす、い-ける、う-まれる、う-む、お-う、は-える、は-やす、き、なま sei, shō, i-kiru, i-kasu, i-keru, u-mareru, u-mu, o-u, ha-eru, ha-yasu, ki, nama",5
青,靑,blue,"セイ、（ショウ）、あお、あお-い sei, (shō), ao, ao-i",8
夕,夕,evening,"セキ、ゆう seki, yū",3
石,石,stone,"セキ、（シャク）、（コク）、いし seki, (shaku), (koku), ishi",5
赤,赤,red,"セキ、（シャク）、あか、あか-い、あか-らむ、あか-らめる seki, (shaku), aka, aka-i, aka-ramu, aka-rameru",7
千,十,thousand,"セン、ち sen, chi",3
川,巛,river,"セン、かわ sen, kawa",3
先,儿,previous,"セン、さき sen, saki",6
早,日,early,"ソウ、（サッ）、はや-い、はや-まる、はや-める sō, (sa'), haya-i, haya-maru, haya-meru",6
草,艸,grass,"ソウ、くさ sō, kusa",9
足,足,foot,"ソク、あし、た-りる、た-る、た-す soku, ashi, ta-riru, ta-ru, ta-su",7
村,木,village,"ソン、むら son, mura",7
大,大,large,"ダイ、タイ、おお、おお-きい、おお-いに dai, tai, oo, oo-kii, oo-ini",3
男,田,male,"ダン、ナン、おとこ dan, nan, otoko",7
竹,竹,bamboo,"チク、たけ chiku, take",6
中,丨,middle,"チュウ、（ジュウ）、なか chū, (jū), naka",4
虫,虫,insect,"チュウ、むし chū, mushi",6
町,田,town,"チョウ、まち chō, machi",7
天,大,heaven,"テン、あめ、（あま） ten, ame, (ama)",4
田,田,rice paddy,"デン、た den, ta",5
土,土,soil,"ド、ト、つち do, to, tsuchi",3
二,二,two,"ニ、ふた、ふた-つ ni, futa, futa-tsu",2
日,日,day,"ニチ、ジツ、ひ、か nichi, jitsu, hi, ka",4
入,入,enter,"ニュウ、い-る、い-れる、はい-る nyū, i-ru, i-reru, hai-ru",2
年,干,year,"ネン、とし nen, toshi",6
白,白,white,"ハク、ビャク、しろ、（しら）、しろ-い haku, byaku, shiro, (shira), shiro-i",5
八,八,eight,"ハチ、や、や-つ、やっ-つ、（よう） hachi, ya, ya-tsu, ya'-tsu, (yō)",2
百,白,hundred,ヒャク hyaku,6
文,文,writing,"ブン、モン、ふみ bun, mon, fumi",4
木,木,tree,"ボク、モク、き、（こ） boku, moku, ki, (ko)",4
本,木,book,"ホン、もと hon, moto",5
名,口,name,"メイ、ミョウ、な mei, myō, na",6
目,目,eye,"モク、（ボク）、め、（ま） moku, (boku), me, (ma)",5
立,立,stand up,"リツ、（リュウ）、た-つ、た-てる ritsu, (ryū), ta-tsu, ta-teru",5
力,力,power,"リョク、リキ、ちから ryoku, riki, chikara",2
林,木,woods,"リン、はやし rin, hayashi",8
六,八,six,"ロク、む、む-つ、むっ-つ、（むい） roku, mu, mu-tsu, mu'-tsu, (mui)",4
引,弓,pull,"イン、ひ-く、ひ-ける in, hi-ku, hi-keru",4
羽,羽,feather,"ウ、は、はね u, ha, hane",6
雲,雨,cloud,"ウン、くも un, kumo",12
園,囗,garden,"エン、その en, sono",13
遠,辵,far,"エン、（オン）、とお-い en, (on), too-i",13
何,人,what,"カ、なに、（なん） ka, nani, (nan)",7
科,禾,section,カ ka,9
夏,夊,summer,"カ、（ゲ）、なつ ka, (ge), natsu",10
家,宀,house,"カ、ケ、いえ、や ka, ke, ie, ya",10
歌,欠,song,"カ、うた、うた-う ka, uta, uta-u",14
画,田,tableau,"ガ、カク ga, kaku",8
回,囗,times,"カイ、（エ）、まわ-る、まわ-す kai, (e), mawa-ru, mawa-su",6
会,曰,association,"カイ、エ、あ-う kai, e, a-u",6
海,水,sea,"カイ、うみ kai, umi",9
絵,糸,picture,"カイ、エ kai, e",12
外,夕,outside,"ガイ、ゲ、そと、ほか、はず-す、はず-れる gai, ge, soto, hoka, hazu-su, hazu-reru",5
角,角,angle,"カク、かど、つの kaku, kado, tsuno",7
楽,木,pleasure,"ガク、ラク、たの-しい、たの-しむ gaku, raku, tano-shii, tano-shimu",13
活,水,active,カツ katsu,9
間,門,interval,"カン、ケン、あいだ、ま kan, ken, aida, ma",12
丸,丶,circle,"ガン、まる、まる-い、まる-める gan, maru, maru-i, maru-meru",3
岩,山,boulder,"ガン、いわ gan, iwa",8
顔,頁,face,"ガン、かお gan, kao",18
汽,水,steam,キ ki,7
記,言,write down,"キ、しる-す ki, shiru-su",10
帰,止,return,"キ、かえ-る、かえ-す ki, kae-ru, kae-su",10
弓,弓,"bow (archery, violin)","キュウ、ゆみ kyū, yumi",3
牛,牛,cow,"ギュウ、うし gyū, ushi",4
魚,魚,fish,"ギョ、うお、さかな gyo, uo, sakana",11
京,亠,capital,"キョウ、ケイ kyō, kei",8
強,弓,strong,"キョウ、ゴウ、つよ-い、つよ-まる、つよ-める、し-いる kyō, gō, tsuyo-i, tsuyo-maru, tsuyo-meru, shi-iru",11
教,攴,teach,"キョウ、おし-える、おそ-わる kyō, oshi-eru, oso-waru",11
近,辵,near,"キン、ちか-い kin, chika-i",7
兄,儿,older brother,"ケイ、（キョウ）、あに kei, (kyō), ani",5
形,彡,shape,"ケイ、ギョウ、かた、かたち kei, gyō, kata, katachi",7
計,言,measure,"ケイ、はか-る、はか-らう kei, haka-ru, haka-rau",9
元,儿,origin,"ゲン、ガン、もと gen, gan, moto",4
言,言,say,"ゲン、ゴン、い-う、こと gen, gon, i-u, koto",7
原,厂,field,"ゲン、はら gen, hara",10
戸,戶,door,"コ、と ko, to",4
古,口,old,"コ、ふる-い、ふる-す ko, furu-i, furu-su",5
午,十,noon,ゴ go,4
後,彳,behind,"ゴ、コウ、のち、うし-ろ、あと、おく-れる go, kō, nochi, ushi-ro, ato, oku-reru",9
語,言,language,"ゴ、かた-る、かた-らう go, kata-ru, kata-rau",14
工,工,craft,"コウ、ク kō, ku",3
公,八,public,"コウ、おおやけ kō, ooyake",4
広,广,wide,"コウ、ひろ-い、ひろ-まる、ひろ-める、ひろ-がる、ひろ-げる kō, hiro-i, hiro-maru, hiro-meru, hiro-garu, hiro-geru",5
交,亠,mix,"コウ、まじ-わる、まじ-える、ま-じる、ま-ざる、ま-ぜる、か-う、か-わす kō, maji-waru, maji-eru, ma-jiru, ma-zaru, ma-zeru, ka-u, ka-wasu",6
光,儿,ray,"コウ、ひか-る、ひかり kō, hika-ru, hikari",6
考,老,think,"コウ、かんが-える kō, kanga-eru",6
行,行,go,"コウ、ギョウ、（アン）、い-く、ゆ-く、おこな-う kō, gyō, (an), i-ku, yu-ku, okona-u",6
高,高,"tall, expensive","コウ、たか-い、たか、たか-まる、たか-める kō, taka-i, taka, taka-maru, taka-meru",10
黄,黃,yellow,"コウ、オウ、き、（こ） kō, ō, ki, (ko)",11
合,口,fit,"ゴウ、ガッ、（カッ）、あ-う、あ-わす、あ-わせる gō, ga', (ka'), a-u, a-wasu, a-waseru",6
谷,谷,valley,"コク、たに koku, tani",7
国,囗,country,"コク、くに koku, kuni",8
黒,黑,black,"コク、くろ、くろ-い koku, kuro, kuro-i",11
今,人,now,"コン、キン、いま kon, kin, ima",4
才,手,genius,サイ sai,3
細,糸,thin,"サイ、ほそ-い、ほそ-る、こま-か、こま-かい sai, hoso-i, hoso-ru, koma-ka, koma-kai",11
作,人,make,"サク、サ、つく-る saku, sa, tsuku-ru",7
算,竹,calculate,サン san,14
止,止,stop,"シ、と-まる、と-める shi, to-maru, to-meru",4
市,巾,market,"シ、いち shi, ichi",5
矢,矢,arrow,"シ、や shi, ya",5
姉,女,older sister,"シ、あね shi, ane",8
思,心,think,"シ、おも-う shi, omo-u",9
紙,糸,paper,"シ、かみ shi, kami",10
寺,寸,Buddhist temple,"ジ、てら ji, tera",6
自,自,oneself,"ジ、シ、みずか-ら ji, shi, mizuka-ra",6
時,日,time,"ジ、とき ji, toki",10
室,宀,room,"シツ、むろ shitsu, muro",9
社,示,company,"シャ、やしろ sha, yashiro",7
弱,弓,weak,"ジャク、よわ-い、よわ-る、よわ-まる、よわ-める jaku, yowa-i, yowa-ru, yowa-maru, yowa-meru",10
首,首,neck,"シュ、くび shu, kubi",9
秋,禾,autumn,"シュウ、あき shū, aki",9
週,辵,week,シュウ shū,11
春,日,springtime,"シュン、はる shun, haru",9
書,曰,write,"ショ、か-く sho, ka-ku",10
少,小,few,"ショウ、すく-ない、すこ-し shō, suku-nai, suko-shi",4
場,土,place,"ジョウ、ば jō, ba",12
色,色,color,"ショク、シキ、いろ shoku, shiki, iro",6
食,食,"eat, meal","ショク、（ジキ）、く-う、く-らう、た-べる shoku, (jiki), ku-u, ku-rau, ta-beru",9
心,心,heart,"シン、こころ shin, kokoro",4
新,斤,new,"シン、あたら-しい、あら-た、にい shin, atara-shii, ara-ta, nii",13
親,見,parent,"シン、おや、した-しい、した-しむ shin, oya, shita-shii, shita-shimu",16
図,囗,diagram,"ズ、ト、はか-る zu, to, haka-ru",7
数,攴,number,"スウ、（ス）、かず、かぞ-える sū, (su), kazu, kazo-eru",13
西,襾,west,"セイ、サイ、にし sei, sai, nishi",6
声,耳,voice,"セイ、（ショウ）、こえ、（こわ） sei, (shō), koe, (kowa)",7
星,日,star,"セイ、（ショウ）、ほし sei, (shō), hoshi",9
晴,日,clear up,"セイ、は-れる、は-らす sei, ha-reru, ha-rasu",12
切,刀,cut,"セツ、（サイ）、き-る、き-れる setsu, (sai), ki-ru, ki-reru",4
雪,雨,snow,"セツ、ゆき setsu, yuki",11
船,舟,boat,"セン、ふね、（ふな） sen, fune, (funa)",11
線,糸,line,セン sen,15
前,刀,in front,"ゼン、まえ zen, mae",9
組,糸,association,"ソ、く-む、くみ so, ku-mu, kumi",11
走,走,run,"ソウ、はし-る sō, hashi-ru",7
多,夕,many,"タ、おお-い ta, oo-i",6
太,大,thick,"タイ、タ、ふと-い、ふと-る tai, ta, futo-i, futo-ru",4
体,骨,body,"タイ、テイ、からだ tai, tei, karada",7
台,至,pedestal,"ダイ、タイ dai, tai",5
地,土,ground,"チ、ジ chi, ji",6
池,水,pond,"チ、いけ chi, ike",6
知,矢,know,"チ、し-る chi, shi-ru",8
茶,艸,tea,"チャ、サ cha, sa",9
昼,日,daytime,"チュウ、ひる chū, hiru",9
長,長,long,"チョウ、なが-い chō, naga-i",8
鳥,鳥,bird,"チョウ、とり chō, tori",11
朝,月,morning,"チョウ、あさ chō, asa",12
直,目,straight,"チョク、ジキ、ただ-ちに、なお-す、なお-る choku, jiki, tada-chini, nao-su, nao-ru",8
通,辵,pass through,"ツウ、（ツ）、とお-る、とお-す、かよ-う tsū, (tsu), too-ru, too-su, kayo-u",10
弟,弓,younger brother,"テイ、（ダイ）、（デ）、おとうと tei, (dai), (de), otōto",7
店,广,shop,"テン、みせ ten, mise",8
点,黑,point,テン ten,9
電,雨,electricity,デン den,13
刀,刀,sword,"トウ、かたな tō, katana",2
冬,冫,winter,"トウ、ふゆ tō, fuyu",5
当,田,hit,"トウ、あ-たる、あ-てる tō, a-taru, a-teru",6
東,木,east,"トウ、ひがし tō, higashi",8
答,竹,answer,"トウ、こた-える、こた-え tō, kota-eru, kota-e",12
頭,頁,head,"トウ、ズ、（ト）、あたま、かしら tō, zu, (to), atama, kashira",16
同,口,same,"ドウ、おな-じ dō, ona-ji",6
道,辵,road,"ドウ、（トウ）、みち dō, (tō), michi",12
読,言,read,"ドク、トク、（トウ）、よ-む doku, toku, (tō), yo-mu",14
内,入,inside,"ナイ、（ダイ）、うち nai, (dai), uchi",4
南,十,south,"ナン、（ナ）、みなみ nan, (na), minami",9
肉,肉,meat,ニク niku,6
馬,馬,horse,"バ、うま、（ま） ba, uma, (ma)",10
売,貝,sell,"バイ、う-る、う-れる bai, u-ru, u-reru",7
買,貝,buy,"バイ、か-う bai, ka-u",12
麦,麥,wheat,"バク、むぎ baku, mugi",7
半,十,half,"ハン、なか-ば han, naka-ba",5
番,田,one's turn,バン ban,12
父,父,father,"フ、ちち fu, chichi",4
風,風,wind,"フウ、（フ）、かぜ、（かざ） fū, (fu), kaze, (kaza)",9
分,刀,"part, minute of time","ブン、フン、ブ、わ-ける、わ-かれる、わ-かる、わ-かつ bun, fun, bu, wa-keru, wa-kareru, wa-karu, wa-katsu",4
聞,耳,hear,"ブン、モン、き-く、き-こえる bun, mon, ki-ku, ki-koeru",14
米,米,rice,"ベイ、マイ、こめ bei, mai, kome",6
歩,止,walk,"ホ、ブ、（フ）、ある-く、あゆ-む ho, bu, (fu), aru-ku, ayu-mu",8
母,毋,mother,"ボ、はは bo, haha",5
方,方,direction,"ホウ、かた hō, kata",4
北,匕,north,"ホク、きた hoku, kita",5
毎,毋,every,マイ mai,6
妹,女,younger sister,"マイ、いもうと mai, imōto",8
万,艸,ten thousand,"マン、バン man, ban",3
明,日,bright,"メイ、ミョウ、あ-かり、あか-るい、あか-るむ、あか-らむ、あき-らか、あ-ける、あ-く、あ-くる、あ-かす mei, myō, a-kari, aka-rui, aka-rumu, aka-ramu, aki-raka, a-keru, a-ku, a-kuru, a-kasu",8
鳴,鳥,chirp,"メイ、な-く、な-る、な-らす mei, na-ku, na-ru, na-rasu",14
毛,毛,hair,"モウ、け mō, ke",4
門,門,gates,"モン、かど mon, kado",8
夜,夕,night,"ヤ、よ、よる ya, yo, yoru",8
野,里,field,"ヤ、の ya, no",11
友,又,friend,"ユウ、とも yū, tomo",4
用,用,use,"ヨウ、もち-いる yō, mochi-iru",5
曜,日,day of the week,ヨウ yō,18
来,人,come,"ライ、く-る、きた-る、きた-す rai, ku-ru, kita-ru, kita-su",7
里,里,village,"リ、さと ri, sato",7
理,玉,reason,リ ri,11
話,言,talk,"ワ、はな-す、はなし wa, hana-su, hanashi",13
悪,心,bad,"アク、オ、わる-い aku, o, waru-i",11
安,宀,cheap,"アン、やす-い an, yasu-i",6
暗,日,dark,"アン、くら-い an, kura-i",13
医,酉,medicine,イ i,7
委,女,committee,"イ、ゆだ-ねる i, yuda-neru",8
意,心,idea,イ i,13
育,肉,nurture,"イク、そだ-つ、そだ-てる、はぐく-む iku, soda-tsu, soda-teru, haguku-mu",8
員,口,member,イン in,10
院,阜,institution,イン in,10
飲,食,drink,"イン、の-む in, no-mu",12
運,辵,carry,"ウン、はこ-ぶ un, hako-bu",12
泳,水,swim,"エイ、およ-ぐ ei, oyo-gu",8
駅,馬,station,エキ eki,14
央,大,center,オウ ō,5
横,木,side,"オウ、よこ ō, yoko",15
屋,尸,roof,"オク、や oku, ya",9
温,水,warm,"オン、あたた-か、あたた-かい、あたた-まる、あたた-める on, atata-ka, atata-kai, atata-maru, atata-meru",12
化,匕,change,"カ、ケ、ば-ける、ば-かす ka, ke, ba-keru, ba-kasu",4
荷,艸,luggage,"カ、に ka, ni",10
界,田,world,カイ kai,9
開,門,open,"カイ、ひら-く、ひら-ける、あ-く、あ-ける kai, hira-ku, hira-keru, a-ku, a-keru",12
階,阜,floor of a building,カイ kai,12
寒,宀,cold,"カン、さむ-い kan, samu-i",12
感,心,feeling,カン kan,13
漢,水,China,カン kan,13
館,食,public building,"カン、やかた kan, yakata",16
岸,山,beach,"ガン、きし gan, kishi",8
起,走,wake up,"キ、お-きる、お-こる、お-こす ki, o-kiru, o-koru, o-kosu",10
期,月,period of time,"キ、（ゴ） ki, (go)",12
客,宀,guest,"キャク、カク kyaku, kaku",9
究,穴,research,"キュウ、きわ-める kyū, kiwa-meru",7
急,心,hurry,"キュウ、いそ-ぐ kyū, iso-gu",9
級,糸,rank,キュウ kyū,9
宮,宀,Shinto shrine,"キュウ、グウ、（ク）、みや kyū, gū, (ku), miya",10
球,玉,sphere,"キュウ、たま kyū, tama",11
去,厶,leave,"キョ、コ、さ-る kyo, ko, sa-ru",5
橋,木,bridge,"キョウ、はし kyō, hashi",16
業,木,business,"ギョウ、ゴウ、わざ gyō, gō, waza",13
曲,曰,musical composition,"キョク、ま-がる、ま-げる kyoku, ma-garu, ma-geru",6
局,尸,office,キョク kyoku,7
銀,金,silver,ギン gin,14
区,匸,ward,ク ku,4
苦,艸,suffer,"ク、くる-しい、くる-しむ、くる-しめる、にが-い、にが-る ku, kuru-shii, kuru-shimu, kuru-shimeru, niga-i, niga-ru",8
具,八,tool,グ gu,8
君,口,you,"クン、きみ kun, kimi",7
係,人,person in charge,"ケイ、かか-る、かかり kei, kaka-ru, kakari",9
軽,車,light,"ケイ、かる-い、かろ-やか kei, karu-i, karo-yaka",12
血,血,blood,"ケツ、ち ketsu, chi",6
決,水,decide,"ケツ、き-める、き-まる ketsu, ki-meru, ki-maru",7
研,石,sharpen,"ケン、と-ぐ ken, to-gu",9
県,糸,prefecture,ケン ken,9
庫,广,warehouse,"コ、（ク） ko, (ku)",10
湖,水,lake,"コ、みずうみ ko, mizūmi",12
向,口,over there,"コウ、む-く、む-ける、む-かう、む-こう kō, mu-ku, mu-keru, mu-kau, mu-kō",6
幸,干,happiness,"コウ、さいわ-い、さち、しあわ-せ kō, saiwa-i, sachi, shiawa-se",8
港,水,harbor,"コウ、みなと kō, minato",12
号,虍,number,ゴウ gō,5
根,木,root,"コン、ね kon, ne",10
祭,示,festival,"サイ、まつ-る、まつ-り sai, matsu-ru, matsu-ri",11
皿,皿,dish,さら sara,5
仕,人,do,"シ、（ジ）、つか-える shi, (ji), tsuka-eru",5
死,歹,death,"シ、し-ぬ shi, shi-nu",6
使,人,use,"シ、つか-う shi, tsuka-u",8
始,女,begin,"シ、はじ-める、はじ-まる shi, haji-meru, haji-maru",8
指,手,finger,"シ、ゆび、さ-す shi, yubi, sa-su",9
歯,齒,tooth,"シ、は shi, ha",12
詩,言,poem,シ shi,13
次,欠,next,"ジ、シ、つ-ぐ、つぎ ji, shi, tsu-gu, tsugi",6
事,亅,abstract thing,"ジ、（ズ）、こと ji, (zu), koto",8
持,手,hold,"ジ、も-つ ji, mo-tsu",9
式,弋,style,シキ shiki,6
実,宀,truth,"ジツ、み、みの-る jitsu, mi, mino-ru",8
写,宀,copy,"シャ、うつ-す、うつ-る sha, utsu-su, utsu-ru",5
者,老,someone,"シャ、もの sha, mono",8
主,丶,master,"シュ、（ス）、ぬし、おも shu, (su), nushi, omo",5
守,宀,protect,"シュ、（ス）、まも-る、も-り shu, (su), mamo-ru, mo-ri",6
取,又,take,"シュ、と-る shu, to-ru",8
酒,酉,alcoholic drink,"シュ、さけ、（さか） shu, sake, (saka)",10
受,又,accept,"ジュ、う-ける、う-かる ju, u-keru, u-karu",8
州,巛,state,"シュウ、す shū, su",6
拾,手,pick up,"シュウ、ジュウ、ひろ-う shū, jū, hiro-u",9
終,糸,end,"シュウ、お-わる、お-える shū, o-waru, o-eru",11
習,羽,learn,"シュウ、なら-う shū, nara-u",11
集,隹,collect,"シュウ、あつ-まる、あつ-める、つど-う shū, atsu-maru, atsu-meru, tsudo-u",12
住,人,dwelling,"ジュウ、す-む、す-まう jū, su-mu, su-mau",7
重,里,heavy,"ジュウ、チョウ、え、おも-い、かさ-ねる、かさ-なる jū, chō, e, omo-i, kasa-neru, kasa-naru",9
宿,宀,inn,"シュク、やど、やど-る、やど-す shuku, yado, yado-ru, yado-su",11
所,戶,place,"ショ、ところ sho, tokoro",8
暑,日,hot,"ショ、あつ-い sho, atsu-i",12
助,力,help,"ジョ、たす-ける、たす-かる、すけ jo, tasu-keru, tasu-karu, suke",7
昭,日,shining,ショウ shō,9
消,水,extinguish,"ショウ、き-える、け-す shō, ki-eru, ke-su",10
商,口,sell,"ショウ、あきな-う shō, akina-u",11
章,立,chapter,ショウ shō,11
勝,力,win,"ショウ、か-つ、まさ-る shō, ka-tsu, masa-ru",12
乗,丿,ride,"ジョウ、の-る、の-せる jō, no-ru, no-seru",9
植,木,plant,"ショク、う-える、う-わる shoku, u-eru, u-waru",12
申,田,say,"シン、もう-す shin, mō-su",5
身,身,body,"シン、み shin, mi",7
神,示,god,"シン、ジン、かみ、（かん）、（こう） shin, jin, kami, (kan), (kō)",9
真,目,TRUE,"シン、ま shin, ma",10
深,水,deep,"シン、ふか-い、ふか-まる、ふか-める shin, fuka-i, fuka-maru, fuka-meru",11
進,辵,advance,"シン、すす-む、すす-める shin, susu-mu, susu-meru",11
世,一,world,"セイ、セ、よ sei, se, yo",5
整,攴,put in order,"セイ、ととの-える、ととの-う sei, totono-eru, totono-u",16
昔,日,long ago,"セキ、（シャク）、むかし seki, (shaku), mukashi",8
全,入,whole,"ゼン、まった-く、すべ-て zen, matta-ku, sube-te",6
相,目,mutual,"ソウ、ショウ、あい sō, shō, ai",9
送,辵,send,"ソウ、おく-る sō, oku-ru",9
想,心,concept,"ソウ、（ソ） sō, (so)",13
息,心,breath,"ソク、いき soku, iki",10
速,辵,fast,"ソク、はや-い、はや-める、はや-まる、すみ-やか soku, haya-i, haya-meru, haya-maru, sumi-yaka",10
族,方,tribe,ゾク zoku,11
他,人,other,"タ、ほか ta, hoka",5
打,手,hit,"ダ、う-つ da, u-tsu",5
対,寸,opposite,"タイ、ツイ tai, tsui",7
待,彳,wait,"タイ、ま-つ tai, ma-tsu",9
代,人,substitute,"ダイ、タイ、か-わる、か-える、よ、しろ dai, tai, ka-waru, ka-eru, yo, shiro",5
第,竹,ordinal number prefix,ダイ dai,11
題,頁,topic,ダイ dai,18
炭,火,charcoal,"タン、すみ tan, sumi",9
短,矢,short,"タン、みじか-い tan, mijika-i",12
談,言,discuss,ダン dan,15
着,羊,wear,"チャク、（ジャク）、き-る、き-せる、つ-く、つ-ける chaku, (jaku), ki-ru, ki-seru, tsu-ku, tsu-keru",12
注,水,pour,"チュウ、そそ-ぐ chū, soso-gu",8
柱,木,pillar,"チュウ、はしら chū, hashira",9
丁,一,ward,"チョウ、テイ chō, tei",2
帳,巾,account book,チョウ chō,11
調,言,investigate,"チョウ、しら-べる、ととの-う、ととの-える chō, shira-beru, totono-u, totono-eru",15
追,辵,follow,"ツイ、お-う tsui, o-u",9
定,宀,decide,"テイ、ジョウ、さだ-める、さだ-まる、さだ-か tei, jō, sada-meru, sada-maru, sada-ka",8
庭,广,garden,"テイ、にわ tei, niwa",10
笛,竹,flute,"テキ、ふえ teki, fue",11
鉄,金,iron,テツ tetsu,13
転,車,revolve,"テン、ころ-がる、ころ-げる、ころ-がす、ころ-ぶ ten, koro-garu, koro-geru, koro-gasu, koro-bu",11
都,邑,metropolis,"ト、ツ、みやこ to, tsu, miyako",11
度,广,degrees,"ド、（ト）、（タク）、たび do, (to), (taku), tabi",9
投,手,throw,"トウ、な-げる tō, na-geru",7
豆,豆,beans,"トウ、（ズ）、まめ tō, (zu), mame",7
島,山,island,"トウ、しま tō, shima",10
湯,水,hot water,"トウ、ゆ tō, yu",12
登,癶,climb,"トウ、ト、のぼ-る tō, to, nobo-ru",12
等,竹,class,"トウ、ひと-しい tō, hito-shii",12
動,力,move,"ドウ、うご-く、うご-かす dō, ugo-ku, ugo-kasu",11
童,立,juvenile,"ドウ、わらべ dō, warabe",12
農,辰,farming,ノウ nō,13
波,水,wave,"ハ、なみ ha, nami",8
配,酉,distribute,"ハイ、くば-る hai, kuba-ru",10
倍,人,double,バイ bai,10
箱,竹,box,はこ hako,15
畑,田,farm,"はた、はたけ hata, hatake",9
発,癶,departure,"ハツ、ホツ hatsu, hotsu",9
反,又,anti-,"ハン、（ホン）、（タン）、そ-る、そ-らす han, (hon), (tan), so-ru, so-rasu",4
坂,土,slope,"ハン、さか han, saka",7
板,木,board,"ハン、バン、いた han, ban, ita",8
皮,皮,skin,"ヒ、かわ hi, kawa",5
悲,心,sad,"ヒ、かな-しい、かな-しむ hi, kana-shii, kana-shimu",12
美,羊,beauty,"ビ、うつく-しい bi, utsuku-shii",9
鼻,鼻,nose,"ビ、はな bi, hana",14
筆,竹,writing brush,"ヒツ、ふで hitsu, fude",12
氷,水,ice,"ヒョウ、こおり、ひ hyō, koori, hi",5
表,衣,express,"ヒョウ、おもて、あらわ-す、あらわ-れる hyō, omote, arawa-su, arawa-reru",8
秒,禾,second (part of time),ビョウ byō,9
病,疒,sick,"ビョウ、（ヘイ）、や-む、やまい byō, (hei), ya-mu, yamai",10
品,口,article,"ヒン、しな hin, shina",9
負,貝,lose,"フ、ま-ける、ま-かす、お-う fu, ma-keru, ma-kasu, o-u",9
部,邑,part,ブ bu,11
服,月,clothes,フク fuku,8
福,示,luck,フク fuku,13
物,牛,thing,"ブツ、モツ、もの butsu, motsu, mono",8
平,干,flat,"ヘイ、ビョウ、たい-ら、ひら hei, byō, tai-ra, hira",5
返,辵,return,"ヘン、かえ-す、かえ-る hen, kae-su, kae-ru",7
勉,力,exertion,ベン ben,10
放,攴,release,"ホウ、はな-す、はな-つ、はな-れる、ほう-る hō, hana-su, hana-tsu, hana-reru, hō-ru",8
味,口,flavor,"ミ、あじ、あじ-わう mi, aji, aji-wau",8
命,口,fate,"メイ、ミョウ、いのち mei, myō, inochi",8
面,面,face,"メン、おも、おもて、つら men, omo, omote, tsura",9
問,口,question,"モン、と-う、と-い、（とん） mon, to-u, to-i, (ton)",11
役,彳,service,"ヤク、エキ yaku, eki",7
薬,艸,medicine,"ヤク、くすり yaku, kusuri",16
由,田,reason,"ユ、ユウ、（ユイ）、よし yu, yū, (yui), yoshi",5
油,水,oil,"ユ、あぶら yu, abura",8
有,月,have,"ユウ、ウ、あ-る yū, u, a-ru",6
遊,辵,play,"ユウ、（ユ）、あそ-ぶ yū, (yu), aso-bu",12
予,豕,in advance,ヨ yo,4
羊,羊,sheep,"ヨウ、ひつじ yō, hitsuji",6
洋,水,ocean,ヨウ yō,9
葉,艸,leaf,"ヨウ、は yō, ha",12
陽,阜,sunshine,ヨウ yō,12
様,木,formal title,"ヨウ、さま yō, sama",14
落,艸,fall,"ラク、お-ちる、お-とす raku, o-chiru, o-tosu",12
流,水,stream,"リュウ、（ル）、なが-れる、なが-す ryū, (ru), naga-reru, naga-su",10
旅,方,trip,"リョ、たび ryo, tabi",10
両,入,both,リョウ ryō,6
緑,糸,green,"リョク、（ロク）、みどり ryoku, (roku), midori",14
礼,示,thanks,"レイ、ライ rei, rai",5
列,刀,row,レツ retsu,6
練,糸,practice,"レン、ね-る ren, ne-ru",14
路,足,road,"ロ、じ ro, ji",13
和,口,peace,"ワ、（オ）、やわ-らぐ、やわ-らげる、なご-む、なご-やか wa, (o), yawa-ragu, yawa-rageru, nago-mu, nago-yaka",8
愛,心,love,アイ ai,13
案,木,plan,アン an,10
以,人,by means of,イ i,5
衣,衣,clothes,"イ、ころも i, koromo",6
位,人,rank,"イ、くらい i, kurai",7
囲,囗,surround,"イ、かこ-む、かこ-う i, kako-mu, kako-u",7
胃,肉,stomach,イ i,9
印,卩,mark,"イン、しるし in, shirushi",6
英,艸,England,エイ ei,8
栄,木,prosperity,"エイ、さか-える、は-え、は-える ei, saka-eru, ha-e, ha-eru",9
塩,鹵,salt,"エン、しお en, shio",13
億,人,hundred million,オク oku,15
加,力,add,"カ、くわ-える、くわ-わる ka, kuwa-eru, kuwa-waru",5
果,木,fruit,"カ、は-たす、は-てる、は-て ka, ha-tasu, ha-teru, ha-te",8
貨,貝,freight,カ ka,11
課,言,section,カ ka,15
芽,艸,bud,"ガ、め ga, me",8
改,攴,reformation,"カイ、あらた-める、あらた-まる kai, arata-meru, arata-maru",7
械,木,contraption,カイ kai,11
害,宀,harm,ガイ gai,10
街,行,street,"ガイ、（カイ）、まち gai, (kai), machi",12
各,口,each,"カク、おのおの kaku, onoono",6
覚,見,memorize,"カク、おぼ-える、さ-ます、さ-める kaku, obo-eru, sa-masu, sa-meru",12
完,宀,perfect,カン kan,7
官,宀,government official,カン kan,8
管,竹,pipe,"カン、くだ kan, kuda",14
関,門,related,"カン、せき、かか-わる kan, seki, kaka-waru",14
観,見,observe,カン kan,18
願,頁,request,"ガン、ねが-う gan, nega-u",19
希,巾,hope,キ ki,7
季,子,seasons,キ ki,8
紀,糸,chronicle,キ ki,9
喜,口,rejoice,"キ、よろこ-ぶ ki, yoroko-bu",12
旗,方,national flag,"キ、はた ki, hata",14
器,口,container,"キ、うつわ ki, utsuwa",15
機,木,machine,"キ、はた ki, hata",16
議,言,deliberation,ギ gi,20
求,水,request,"キュウ、もと-める kyū, moto-meru",7
泣,水,cry,"キュウ、な-く kyū, na-ku",8
救,攴,salvation,"キュウ、すく-う kyū, suku-u",11
給,糸,salary,キュウ kyū,12
挙,手,raise,"キョ、あ-げる、あ-がる kyo, a-geru, a-garu",10
漁,水,fishing,"ギョ、リョウ gyo, ryō",14
共,八,together,"キョウ、とも kyō, tomo",6
協,十,cooperation,キョウ kyō,8
鏡,金,mirror,"キョウ、かがみ kyō, kagami",19
競,立,compete,"キョウ、ケイ、きそ-う、せ-る kyō, kei, kiso-u, se-ru",20
極,木,poles,"キョク、ゴク、きわ-める、きわ-まる、きわ-み kyoku, goku, kiwa-meru, kiwa-maru, kiwa-mi",12
訓,言,instruction,クン kun,10
軍,車,army,グン gun,9
郡,邑,county,グン gun,10
径,彳,diameter,ケイ kei,8
型,土,model,"ケイ、かた kei, kata",9
景,日,scenery,ケイ kei,12
芸,艸,art,ゲイ gei,7
欠,缶,lack,"ケツ、か-ける、か-く ketsu, ka-keru, ka-ku",4
結,糸,tie,"ケツ、むす-ぶ、ゆ-う、ゆ-わえる ketsu, musu-bu, yu-u, yu-waeru",12
建,廴,build,"ケン、（コン）、た-てる、た-つ ken, (kon), ta-teru, ta-tsu",9
健,人,healthy,"ケン、すこ-やか ken, suko-yaka",11
験,馬,test,"ケン、（ゲン） ken, (gen)",18
固,囗,hard,"コ、かた-める、かた-まる、かた-い ko, kata-meru, kata-maru, kata-i",8
功,力,achievement,"コウ、（ク） kō, (ku)",5
好,女,like,"コウ、この-む、す-く kō, kono-mu, su-ku",6
候,人,climate,"コウ、そうろう kō, sōrō",10
航,舟,cruise,コウ kō,10
康,广,health,コウ kō,11
告,口,tell,"コク、つ-げる koku, tsu-geru",7
差,工,distinction,"サ、さ-す sa, sa-su",10
菜,艸,vegetable,"サイ、な sai, na",11
最,曰,most,"サイ、もっと-も sai, motto-mo",12
材,木,lumber,ザイ zai,7
昨,日,previous,サク saku,9
札,木,tag,"サツ、ふだ satsu, fuda",5
刷,刀,printing,"サツ、す-る satsu, su-ru",8
殺,殳,kill,"サツ、（サイ）、（セツ）、ころ-す satsu, (sai), (setsu), koro-su",10
察,宀,guess,サツ satsu,14
参,厶,participate,"サン、まい-る san, mai-ru",8
産,生,give birth,"サン、う-む、う-まれる、うぶ san, u-mu, u-mareru, ubu",11
散,攴,scatter,"サン、ち-る、ち-らす、ち-らかす、ち-らかる san, chi-ru, chi-rasu, chi-rakasu, chi-rakaru",12
残,歹,remainder,"ザン、のこ-る、のこ-す zan, noko-ru, noko-su",10
士,士,gentleman,シ shi,3
氏,氏,family name,"シ、うじ shi, uji",4
史,口,history,シ shi,5
司,口,director,シ shi,5
試,言,test,"シ、こころ-みる、ため-す shi, kokoro-miru, tame-su",13
児,儿,child,"ジ、（ニ） ji, (ni)",7
治,水,govern,"ジ、チ、おさ-める、おさ-まる、なお-る、なお-す ji, chi, osa-meru, osa-maru, nao-ru, nao-su",8
辞,辛,resign,"ジ、や-める ji, ya-meru",13
失,大,lose,"シツ、うしな-う shitsu, ushina-u",5
借,人,borrow,"シャク、か-りる shaku, ka-riru",10
種,禾,kind,"シュ、たね shu, tane",14
周,口,circumference,"シュウ、まわ-り shū, mawa-ri",8
祝,示,celebrate,"シュク、（シュウ）、いわ-う shuku, (shū), iwa-u",9
順,頁,obey,ジュン jun,12
初,刀,first,"ショ、はじ-め、はじ-めて、はつ、うい、そ-める sho, haji-me, haji-mete, hatsu, ui, so-meru",7
松,木,pine,"ショウ、まつ shō, matsu",8
笑,竹,laugh,"ショウ、わら-う、え-む shō, wara-u, e-mu",10
唱,口,chant,"ショウ、とな-える shō, tona-eru",11
焼,火,bake,"ショウ、や-く、や-ける shō, ya-ku, ya-keru",12
象,豕,elephant,"ショウ、ゾウ shō, zō",12
照,火,illuminate,"ショウ、て-る、て-らす、て-れる shō, te-ru, te-rasu, te-reru",13
賞,貝,prize,ショウ shō,15
臣,臣,retainer,"シン、ジン shin, jin",7
信,人,trust,シン shin,9
成,戈,become,"セイ、（ジョウ）、な-る、な-す sei, (jō), na-ru, na-su",6
省,目,government ministry,"セイ、ショウ、かえり-みる、はぶ-く sei, shō, kaeri-miru, habu-ku",9
清,水,pure,"セイ、（ショウ）、きよ-い、きよ-まる、きよ-める sei, (shō), kiyo-i, kiyo-maru, kiyo-meru",11
静,靑,quiet,"セイ、（ジョウ）、しず、しず-か、しず-まる、しず-める sei, (jō), shizu, shizu-ka, shizu-maru, shizu-meru",14
席,巾,seat,セキ seki,10
積,禾,accumulate,"セキ、つ-む、つ-もる seki, tsu-mu, tsu-moru",16
折,手,fold,"セツ、お-る、おり、お-れる setsu, o-ru, ori, o-reru",7
節,竹,node,"セツ、（セチ）、ふし setsu, (sechi), fushi",13
説,言,theory,"セツ、（ゼイ）、と-く setsu, (zei), to-ku",14
浅,水,shallow,"セン、あさ-い sen, asa-i",9
戦,戈,war,"セン、いくさ、たたか-う sen, ikusa, tataka-u",13
選,辵,choose,"セン、えら-ぶ sen, era-bu",15
然,火,so,"ゼン、ネン zen, nen",12
争,爪,conflict,"ソウ、あらそ-う sō, araso-u",6
倉,人,warehouse,"ソウ、くら sō, kura",10
巣,巛,nest,"ソウ、す sō, su",11
束,木,bundle,"ソク、たば soku, taba",7
側,人,side,"ソク、がわ soku, gawa",11
続,糸,continue,"ゾク、つづ-く、つづ-ける zoku, tsuzu-ku, tsuzu-keru",13
卒,十,graduate,ソツ sotsu,8
孫,子,grandchild,"ソン、まご son, mago",10
帯,巾,sash,"タイ、お-びる、おび tai, o-biru, obi",10
隊,阜,group,タイ tai,12
達,辵,attain,タツ tatsu,12
単,口,simple,タン tan,9
置,网,put,"チ、お-く chi, o-ku",13
仲,人,relationship,"チュウ、なか chū, naka",6
貯,貝,savings,チョ cho,12
兆,儿,"portent, trillion","チョウ、きざ-す、きざ-し chō, kiza-su, kiza-shi",6
腸,肉,intestines,チョウ chō,13
低,人,low,"テイ、ひく-い、ひく-める、ひく-まる tei, hiku-i, hiku-meru, hiku-maru",7
底,广,bottom,"テイ、そこ tei, soko",8
停,人,halt,テイ tei,11
的,白,target,"テキ、まと teki, mato",8
典,八,code,テン ten,8
伝,人,transmit,"デン、つた-わる、つた-える、つた-う den, tsuta-waru, tsuta-eru, tsuta-u",6
徒,彳,junior,ト to,10
努,力,toil,"ド、つと-める do, tsuto-meru",7
灯,火,lamp,"トウ、ひ tō, hi",6
堂,土,public chamber,ドウ dō,11
働,人,work,"ドウ、はたら-く dō, hatara-ku",13
特,牛,special,トク toku,10
得,彳,acquire,"トク、え-る、う-る toku, e-ru, u-ru",11
毒,毋,poison,ドク doku,8
熱,火,heat,"ネツ、あつ-い netsu, atsu-i",15
念,心,thought,ネン nen,8
敗,攴,failure,"ハイ、やぶ-れる hai, yabu-reru",11
梅,木,ume (Japanese apricot),"バイ、うめ bai, ume",10
博,十,Dr.,"ハク、（バク） haku, (baku)",12
飯,食,meal,"ハン、めし han, meshi",12
飛,飛,fly,"ヒ、と-ぶ、と-ばす hi, to-bu, to-basu",9
費,貝,expense,"ヒ、つい-やす、つい-える hi, tsui-yasu, tsui-eru",12
必,心,without fail,"ヒツ、かなら-ず hitsu, kanara-zu",5
票,示,ballot,ヒョウ hyō,11
標,木,signpost,ヒョウ hyō,15
不,一,non-,"フ、ブ fu, bu",4
夫,大,husband,"フ、（フウ）、おっと fu, (fū), otto",4
付,人,attach,"フ、つ-ける、つ-く fu, tsu-keru, tsu-ku",5
府,广,urban prefecture,フ fu,8
副,刀,vice,フク fuku,11
粉,米,flour,"フン、こ、こな fun, ko, kona",10
兵,八,soldier,"ヘイ、ヒョウ hei, hyō",7
別,刀,separate,"ベツ、わか-れる betsu, waka-reru",7
辺,辵,environs,"ヘン、あた-り、べ hen, ata-ri, be",5
変,言,change,"ヘン、か-わる、か-える hen, ka-waru, ka-eru",9
便,人,convenience,"ベン、ビン、たよ-り ben, bin, tayo-ri",9
包,勹,wrap,"ホウ、つつ-む hō, tsutsu-mu",5
法,水,method,"ホウ、（ハッ）、（ホッ） hō, (ha'), (ho')",8
望,月,hope,"ボウ、モウ、のぞ-む bō, mō, nozo-mu",11
牧,牛,breed,"ボク、まき boku, maki",8
末,木,end,"マツ、バツ、すえ matsu, batsu, sue",5
満,水,full,"マン、み-ちる、み-たす man, mi-chiru, mi-tasu",12
未,木,not yet,ミ mi,5
脈,肉,vein,ミャク myaku,10
民,氏,people,"ミン、たみ min, tami",5
無,火,nothing,"ム、ブ、な-い mu, bu, na-i",12
約,糸,promise,ヤク yaku,9
勇,力,courage,"ユウ、いさ-む yū, isa-mu",9
要,襾,need,"ヨウ、かなめ、い-る yō, kaname, i-ru",9
養,食,foster,"ヨウ、やしな-う yō, yashina-u",15
浴,水,bathe,"ヨク、あ-びる、あ-びせる yoku, a-biru, a-biseru",10
利,刀,profit,"リ、き-く ri, ki-ku",7
陸,阜,land,リク riku,11
良,艮,good,"リョウ、よ-い ryō, yo-i",7
料,斗,fee,リョウ ryō,10
量,里,quantity,"リョウ、はか-る ryō, haka-ru",12
輪,車,wheel,"リン、わ rin, wa",15
類,頁,sort,"ルイ、たぐ-い rui, tagu-i",18
令,人,orders,レイ rei,5
冷,冫,cool,"レイ、つめ-たい、ひ-える、ひ-や、ひ-やす、ひ-やかす、さ-める、さ-ます rei, tsume-tai, hi-eru, hi-ya, hi-yasu, hi-yakasu, sa-meru, sa-masu",7
例,人,example,"レイ、たと-える rei, tato-eru",8
歴,止,curriculum,レキ reki,14
連,辵,take along,"レン、つら-なる、つら-ねる、つ-れる ren, tsura-naru, tsura-neru, tsu-reru",10
老,老,old man,"ロウ、お-いる、ふ-ける rō, o-iru, fu-keru",6
労,力,labour,ロウ rō,7
録,金,record,ロク roku,16
圧,土,pressure,アツ atsu,5
移,禾,shift,"イ、うつ-る、うつ-す i, utsu-ru, utsu-su",11
因,囗,cause,"イン、よ-る in, yo-ru",6
永,水,eternity,"エイ、なが-い ei, naga-i",5
営,火,manage,"エイ、いとな-む ei, itona-mu",12
衛,行,defense,エイ ei,16
易,日,easy,"エキ、イ、やさ-しい eki, i, yasa-shii",8
益,皿,benefit,"エキ、（ヤク） eki, (yaku)",10
液,水,fluid,エキ eki,11
演,水,perform,エン en,14
応,心,respond,"オウ、こた-える ō, kota-eru",7
往,彳,outward journey,オウ ō,8
桜,木,cherry tree,"オウ、さくら ō, sakura",10
恩,心,grace,オン on,10
可,口,possible,カ ka,5
仮,人,temporary,"カ、（ケ）、かり ka, (ke), kari",6
価,人,value,"カ、あたい ka, atai",8
河,水,river,"カ、かわ ka, kawa",8
過,辵,go beyond,"カ、す-ぎる、す-ごす、あやま-つ、あやま-ち ka, su-giru, su-gosu, ayama-tsu, ayama-chi",12
賀,貝,congratulations,ガ ga,12
快,心,cheerful,"カイ、こころよ-い kai, kokoroyo-i",7
解,角,untie,"カイ、ゲ、と-く、と-かす、と-ける kai, ge, to-ku, to-kasu, to-keru",13
格,木,status,"カク、（コウ） kaku, (kō)",10
確,石,certain,"カク、たし-か、たし-かめる kaku, tashi-ka, tashi-kameru",15
額,頁,amount,"ガク、ひたい gaku, hitai",18
刊,刀,publish,カン kan,5
幹,干,tree-trunk,"カン、みき kan, miki",13
慣,心,accustomed,"カン、な-れる、な-らす kan, na-reru, na-rasu",14
眼,目,eyeball,"ガン、（ゲン）、まなこ gan, (gen), manako",11
基,土,foundation,"キ、もと、もとい ki, moto, motoi",11
寄,宀,approach,"キ、よ-る、よ-せる ki, yo-ru, yo-seru",11
規,見,rule,キ ki,11
技,手,skill,"ギ、わざ gi, waza",7
義,羊,righteousness,ギ gi,13
逆,辵,inverted,"ギャク、さか、さか-らう gyaku, saka, saka-rau",9
久,丿,long time,"キュウ、（ク）、ひさ-しい kyū, (ku), hisa-shii",3
旧,臼,old times,キュウ kyū,5
居,尸,reside,"キョ、い-る kyo, i-ru",8
許,言,permit,"キョ、ゆる-す kyo, yuru-su",11
境,土,boundary,"キョウ、（ケイ）、さかい kyō, (kei), sakai",14
均,土,level,キン kin,7
禁,示,prohibition,キン kin,13
句,口,phrase,ク ku,5
群,羊,flock,"グン、む-れる、む-れ、（むら） gun, mu-reru, mu-re, (mura)",13
経,糸,manage,"ケイ、キョウ、へ-る kei, kyō, he-ru",11
潔,水,undefiled,"ケツ、いさぎよ-い ketsu, isagiyo-i",15
件,人,affair,ケン ken,6
券,刀,ticket,ケン ken,8
険,阜,precipitous,"ケン、けわ-しい ken, kewa-shii",11
検,木,examine,ケン ken,12
限,阜,limit,"ゲン、かぎ-る gen, kagi-ru",9
現,玉,appear,"ゲン、あらわ-れる、あらわ-す gen, arawa-reru, arawa-su",11
減,水,decrease,"ゲン、へ-る、へ-らす gen, he-ru, he-rasu",12
故,攴,circumstances,"コ、ゆえ ko, yue",9
個,人,individual,コ ko,10
護,言,safeguard,ゴ go,20
効,力,effect,"コウ、き-く kō, ki-ku",8
厚,厂,thick,"コウ、あつ-い kō, atsu-i",9
耕,耒,till,"コウ、たがや-す kō, tagaya-su",10
鉱,金,mineral,コウ kō,13
構,木,construct,"コウ、かま-える、かま-う kō, kama-eru, kama-u",14
興,臼,entertain,"コウ、キョウ、おこ-る、おこ-す kō, kyō, oko-ru, oko-su",16
講,言,lecture,コウ kō,17
混,水,mix,"コン、ま-じる、ま-ざる、ま-ぜる、こ-む kon, ma-jiru, ma-zaru, ma-zeru, ko-mu",11
査,木,investigate,サ sa,9
再,冂,again,"サイ、（サ）、ふたた-び sai, (sa), futata-bi",6
災,火,disaster,"サイ、わざわ-い sai, wazawa-i",7
妻,女,wife,"サイ、つま sai, tsuma",8
採,手,pick,"サイ、と-る sai, to-ru",11
際,阜,occasion,"サイ、きわ sai, kiwa",14
在,土,exist,"ザイ、あ-る zai, a-ru",6
財,貝,wealth,"ザイ、（サイ） zai, (sai)",10
罪,网,guilt,"ザイ、つみ zai, tsumi",13
雑,隹,miscellaneous,"ザツ、ゾウ zatsu, zō",14
酸,酉,acid,"サン、す-い san, su-i",14
賛,貝,approve,サン san,15
支,支,branch,"シ、ささ-える shi, sasa-eru",4
志,心,intention,"シ、こころざ-す、こころざし shi, kokoroza-su, kokorozashi",7
枝,木,branch,"シ、えだ shi, eda",8
師,巾,expert,シ shi,10
資,貝,resources,シ shi,13
飼,食,domesticate,"シ、か-う shi, ka-u",13
示,示,indicate,"ジ、シ、しめ-す ji, shi, shime-su",5
似,人,becoming,"ジ、に-る ji, ni-ru",7
識,言,discriminating,シキ shiki,19
質,貝,quality,"シツ、シチ、（チ） shitsu, shichi, (chi)",15
舎,舌,cottage,シャ sha,8
謝,言,apologize,"シャ、あやま-る sha, ayama-ru",17
授,手,instruct,"ジュ、さず-ける、さず-かる ju, sazu-keru, sazu-karu",11
修,人,discipline,"シュウ、（シュ）、おさ-める、おさ-まる shū, (shu), osa-meru, osa-maru",10
述,辵,mention,"ジュツ、の-べる jutsu, no-beru",8
術,行,art,ジュツ jutsu,11
準,水,standard,ジュン jun,13
序,广,preface,ジョ jo,7
招,手,beckon,"ショウ、まね-く shō, mane-ku",8
承,手,acquiesce,"ショウ、うけたまわ-る shō, uketamawa-ru",8
証,言,evidence,ショウ shō,12
条,木,clause,ジョウ jō,7
状,犬,form,ジョウ jō,7
常,巾,normal,"ジョウ、つね、とこ jō, tsune, toko",11
情,心,feelings,"ジョウ、（セイ）、なさ-け jō, (sei), nasa-ke",11
織,糸,weave,"ショク、シキ、お-る shoku, shiki, o-ru",18
職,耳,employment,ショク shoku,18
制,刀,control,セイ sei,8
性,心,gender,"セイ、ショウ sei, shō",8
政,攴,politics,"セイ、（ショウ）、まつりごと sei, (shō), matsurigoto",9
勢,力,power,"セイ、いきお-い sei, ikio-i",13
精,米,refined,"セイ、（ショウ） sei, (shō)",14
製,衣,manufacture,セイ sei,14
税,禾,tax,ゼイ zei,12
責,貝,blame,"セキ、せ-める seki, se-meru",11
績,糸,exploits,セキ seki,17
接,手,contact,"セツ、つ-ぐ setsu, tsu-gu",11
設,言,establish,"セツ、もう-ける setsu, mō-keru",11
舌,舌,tongue,"ゼツ、した zetsu, shita",6
絶,糸,discontinue,"ゼツ、た-える、た-やす、た-つ zetsu, ta-eru, ta-yasu, ta-tsu",12
銭,金,coin,"セン、ぜに sen, zeni",14
祖,示,ancestor,ソ so,9
素,糸,elementary,"ソ、ス so, su",10
総,糸,whole,ソウ sō,14
造,辵,create,"ゾウ、つく-る zō, tsuku-ru",10
像,人,statue,ゾウ zō,14
増,土,increase,"ゾウ、ま-す、ふ-える、ふ-やす zō, ma-su, fu-eru, fu-yasu",14
則,刀,rule,ソク soku,9
測,水,fathom,"ソク、はか-る soku, haka-ru",12
属,尸,belong,ゾク zoku,12
率,玄,rate,"ソツ、リツ、ひき-いる sotsu, ritsu, hiki-iru",11
損,手,loss,"ソン、そこ-なう、そこ-ねる son, soko-nau, soko-neru",13
退,辵,retreat,"タイ、しりぞ-く、しりぞ-ける tai, shirizo-ku, shirizo-keru",9
貸,貝,lend,"タイ、か-す tai, ka-su",12
態,心,condition,タイ tai,14
団,囗,group,"ダン、（トン） dan, (ton)",6
断,斤,cut off,"ダン、た-つ、ことわ-る dan, ta-tsu, kotowa-ru",11
築,竹,fabricate,"チク、きず-く chiku, kizu-ku",16
張,弓,stretch,"チョウ、は-る chō, ha-ru",11
提,手,present,"テイ、さ-げる tei, sa-geru",12
程,禾,extent,"テイ、ほど tei, hodo",12
適,辵,suitable,テキ teki,14
敵,攴,enemy,"テキ、かたき teki, kataki",15
統,糸,unite,"トウ、す-べる tō, su-beru",12
銅,金,copper,ドウ dō,14
導,寸,guide,"ドウ、みちび-く dō, michibi-ku",15
徳,彳,benevolence,トク toku,14
独,犬,alone,"ドク、ひと-り doku, hito-ri",9
任,人,responsibility,"ニン、まか-せる、まか-す nin, maka-seru, maka-su",6
燃,火,burn,"ネン、も-える、も-やす、も-す nen, mo-eru, mo-yasu, mo-su",16
能,肉,ability,ノウ nō,10
破,石,rend,"ハ、やぶ-る、やぶ-れる ha, yabu-ru, yabu-reru",10
犯,犬,crime,"ハン、おか-す han, oka-su",5
判,刀,judge,"ハン、バン han, ban",7
版,片,printing block,ハン han,8
比,比,compare,"ヒ、くら-べる hi, kura-beru",4
肥,肉,fertilizer,"ヒ、こ-える、こえ、こ-やす、こ-やし hi, ko-eru, koe, ko-yasu, ko-yashi",8
非,非,negative,ヒ hi,8
備,人,provide,"ビ、そな-える、そな-わる bi, sona-eru, sona-waru",12
俵,人,bag,"ヒョウ、たわら hyō, tawara",10
評,言,evaluate,ヒョウ hyō,12
貧,貝,poor,"ヒン、ビン、まず-しい hin, bin, mazu-shii",11
布,巾,linen,"フ、ぬの fu, nuno",5
婦,女,lady,フ fu,11
富,宀,rich,"フ、（フウ）、と-む、とみ fu, (fū), to-mu, tomi",12
武,止,military,"ブ、ム bu, mu",8
復,彳,again,フク fuku,12
複,衣,duplicate,フク fuku,14
仏,人,Buddha,"ブツ、ほとけ butsu, hotoke",4
編,糸,compile,"ヘン、あ-む hen, a-mu",15
弁,辛 瓜 辛,valve,ベン ben,5
保,人,preserve,"ホ、たも-つ ho, tamo-tsu",9
墓,土,grave,"ボ、はか bo, haka",13
報,土,report,"ホウ、むく-いる hō, muku-iru",12
豊,豆,bountiful,"ホウ、ゆた-か hō, yuta-ka",13
防,阜,prevent,"ボウ、ふせ-ぐ bō, fuse-gu",7
貿,貝,trade,ボウ bō,12
暴,日,outburst,"ボウ、（バク）、あば-く、あば-れる bō, (baku), aba-ku, aba-reru",15
務,力,duty,"ム、つと-める、つと-まる mu, tsuto-meru, tsuto-maru",11
夢,夕,dream,"ム、ゆめ mu, yume",13
迷,辵,astray,"メイ、まよ-う mei, mayo-u",9
綿,糸,cotton,"メン、わた men, wata",14
輸,車,transport,ユ yu,16
余,食,leave over,"ヨ、あま-る、あま-す yo, ama-ru, ama-su",7
預,頁,deposit,"ヨ、あず-ける、あず-かる yo, azu-keru, azu-karu",13
容,宀,contain,ヨウ yō,10
略,田,abbreviation,リャク ryaku,11
留,田,detain,"リュウ、（ル）、と-める、と-まる ryū, (ru), to-meru, to-maru",10
領,頁,territory,リョウ ryō,14
異,田,uncommon,"イ、こと i, koto",11
遺,辵,bequeath,"イ、（ユイ） i, (yui)",15
域,土,range,イキ iki,11
宇,宀,eaves,ウ u,6
映,日,reflect,"エイ、うつ-る、うつ-す、は-える ei, utsu-ru, utsu-su, ha-eru",9
延,廴,prolong,"エン、の-びる、の-べる、の-ばす en, no-biru, no-beru, no-basu",8
沿,水,run alongside,"エン、そ-う en, so-u",8
我,戈,ego,"ガ、われ、わ ga, ware, wa",7
灰,火,ashes,"カイ、はい kai, hai",6
拡,手,broaden,カク kaku,8
革,革,leather,"カク、かわ kaku, kawa",9
閣,門,tall,カク kaku,14
割,刀,divide,"カツ、わ-る、わり、わ-れる、さ-く katsu, wa-ru, wari, wa-reru, sa-ku",12
株,木,stocks,かぶ kabu,10
干,干,dry,"カン、ほ-す、ひ-る kan, ho-su, hi-ru",3
巻,卩,scroll,"カン、ま-く、まき kan, ma-ku, maki",9
看,目,watch over,カン kan,9
簡,竹,simplicity,カン kan,18
危,卩,dangerous,"キ、あぶ-ない、あや-うい、あや-ぶむ ki, abu-nai, aya-ui, aya-bumu",6
机,木,desk,"キ、つくえ ki, tsukue",6
揮,手,brandish,キ ki,12
貴,貝,precious,"キ、たっと-い、とうと-い、たっと-ぶ、とうと-ぶ ki, tatto-i, tōto-i, tatto-bu, tōto-bu",12
疑,疋,doubt,"ギ、うたが-う gi, utaga-u",14
吸,口,suck,"キュウ、す-う kyū, su-u",6
供,人,offer,"キョウ、（ク）、そな-える、とも kyō, (ku), sona-eru, tomo",8
胸,肉,bosom,"キョウ、むね、（むな） kyō, mune, (muna)",10
郷,邑,home town,"キョウ、ゴウ kyō, gō",11
勤,力,diligence,"キン、（ゴン）、つと-める、つと-まる kin, (gon), tsuto-meru, tsuto-maru",12
筋,竹,muscle,"キン、すじ kin, suji",12
系,糸,lineage,ケイ kei,7
敬,攴,respect,"ケイ、うやま-う kei, uyama-u",12
警,言,guard against,ケイ kei,19
劇,刀,drama,ゲキ geki,15
激,水,violent,"ゲキ、はげ-しい geki, hage-shii",16
穴,穴,hole,"ケツ、あな ketsu, ana",5
絹,糸,silk,"ケン、きぬ ken, kinu",13
権,木,rights,"ケン、（ゴン） ken, (gon)",15
憲,心,constitution,ケン ken,16
源,水,origin,"ゲン、みなもと gen, minamoto",13
厳,口,strict,"ゲン、（ゴン）、おごそ-か、きび-しい gen, (gon), ogoso-ka, kibi-shii",17
己,己,self,"コ、キ、おのれ ko, ki, onore",3
呼,口,call,"コ、よ-ぶ ko, yo-bu",8
誤,言,mistake,"ゴ、あやま-る go, ayama-ru",14
后,口,empress,コウ kō,6
孝,子,filial piety,コウ kō,7
皇,白,emperor,"コウ、オウ kō, ō",9
紅,糸,deep red,"コウ、（ク）、べに、くれない kō, (ku), beni, kurenai",9
降,阜,descend,"コウ、お-りる、お-ろす、ふ-る kō, o-riru, o-rosu, fu-ru",10
鋼,金,steel,"コウ、はがね kō, hagane",16
刻,刀,engrave,"コク、きざ-む koku, kiza-mu",8
穀,禾,cereals,コク koku,14
骨,骨,bone,"コツ、ほね kotsu, hone",10
困,囗,become distressed,"コン、こま-る kon, koma-ru",7
砂,石,sand,"サ、シャ、すな sa, sha, suna",9
座,广,sit,"ザ、すわ-る za, suwa-ru",10
済,水,settle,"サイ、す-む、す-ます sai, su-mu, su-masu",11
裁,衣,judge,"サイ、た-つ、さば-く sai, ta-tsu, saba-ku",12
策,竹,scheme,サク saku,12
冊,冂,counter for books,"サツ、サク satsu, saku",5
蚕,虫,silkworm,"サン、かいこ san, kaiko",10
至,至,climax,"シ、いた-る shi, ita-ru",6
私,禾,me,"シ、わたくし、わたし shi, watakushi, watashi",7
姿,女,figure,"シ、すがた shi, sugata",9
視,見,look at,シ shi,11
詞,言,poetry,シ shi,12
誌,言,document,シ shi,14
磁,石,magnet,ジ ji,14
射,寸,shoot,"シャ、い-る sha, i-ru",10
捨,手,throw away,"シャ、す-てる sha, su-teru",11
尺,尸,shaku,シャク shaku,4
若,艸,young,"ジャク、（ニャク）、わか-い、も-しくは jaku, (nyaku), waka-i, mo-shikuha",8
樹,木,trees,ジュ ju,16
収,攴,take in,"シュウ、おさ-める、おさ-まる shū, osa-meru, osa-maru",4
宗,宀,religion,"シュウ、ソウ shū, sō",8
就,尢,concerning,"シュウ、（ジュ）、つ-く、つ-ける shū, (ju), tsu-ku, tsu-keru",12
衆,血,masses,"シュウ、（シュ） shū, (shu)",12
従,彳,obey,"ジュウ、（ショウ）、（ジュ）、したが-う、したが-える jū, (shō), (ju), shitaga-u, shitaga-eru",10
縦,糸,vertical,"ジュウ、たて jū, tate",16
縮,糸,shrink,"シュク、ちぢ-む、ちぢ-まる、ちぢ-める、ちぢ-れる、ちぢ-らす shuku, chiji-mu, chiji-maru, chiji-meru, chiji-reru, chiji-rasu",17
熟,火,ripen,"ジュク、う-れる juku, u-reru",15
純,糸,genuine,ジュン jun,10
処,虍,dispose,ショ sho,5
署,网,government office,ショ sho,13
諸,言,various,ショ sho,15
除,阜,exclude,"ジョ、（ジ）、のぞ-く jo, (ji), nozo-ku",10
将,寸,leader,ショウ shō,10
傷,人,wound,"ショウ、きず、いた-む、いた-める shō, kizu, ita-mu, ita-meru",13
障,阜,hurt,"ショウ、さわ-る shō, sawa-ru",14
城,土,castle,"ジョウ、しろ jō, shiro",9
蒸,艸,steam,"ジョウ、む-す、む-れる、む-らす jō, mu-su, mu-reru, mu-rasu",13
針,金,needle,"シン、はり shin, hari",10
仁,人,humanity,"ジン、（ニ） jin, (ni)",4
垂,土,droop,"スイ、た-れる、た-らす sui, ta-reru, ta-rasu",8
推,手,infer,"スイ、お-す sui, o-su",11
寸,寸,measurement,スン sun,3
盛,皿,prosper,"セイ、（ジョウ）、も-る、さか-る、さか-ん sei, (jō), mo-ru, saka-ru, saka-n",11
聖,耳,holy,セイ sei,13
誠,言,sincerity,"セイ、まこと sei, makoto",13
宣,宀,proclaim,セン sen,9
専,寸,specialty,"セン、もっぱ-ら sen, moppa-ra",9
泉,水,spring,"セン、いずみ sen, izumi",9
洗,水,wash,"セン、あら-う sen, ara-u",9
染,木,dye,"セン、そ-める、そ-まる、し-みる、し-み sen, so-meru, so-maru, shi-miru, shi-mi",9
善,口,good,"ゼン、よ-い zen, yo-i",12
奏,大,play music,"ソウ、かな-でる sō, kana-deru",9
窓,穴,window,"ソウ、まど sō, mado",11
創,刀,create,"ソウ、つく-る sō, tsuku-ru",12
装,衣,attire,"ソウ、ショウ、よそお-う sō, shō, yosoo-u",12
層,尸,stratum,ソウ sō,14
操,手,maneuver,"ソウ、みさお、あやつ-る sō, misao, ayatsu-ru",16
蔵,艸,warehouse,"ゾウ、くら zō, kura",15
臓,肉,entrails,ゾウ zō,19
存,子,suppose,"ソン、ゾン son, zon",6
尊,寸,revered,"ソン、たっと-い、とうと-い、たっと-ぶ、とうと-ぶ son, tatto-i, tōto-i, tatto-bu, tōto-bu",12
宅,宀,home,タク taku,6
担,手,shouldering,"タン、かつ-ぐ、にな-う tan, katsu-gu, nina-u",8
探,手,grope,"タン、さぐ-る、さが-す tan, sagu-ru, saga-su",11
誕,言,nativity,タン tan,15
段,殳,steps,ダン dan,9
暖,日,warmth,"ダン、あたた-か、あたた-かい、あたた-まる、あたた-める dan, atata-ka, atata-kai, atata-maru, atata-meru",13
値,人,value,"チ、ね、あたい chi, ne, atai",10
宙,宀,mid-air,チュウ chū,8
忠,心,loyalty,チュウ chū,8
著,艸,renowned,"チョ、あらわ-す、いちじる-しい cho, arawa-su, ichijiru-shii",11
庁,广,government office,チョウ chō,5
頂,頁,place on the head,"チョウ、いただ-く、いただき chō, itada-ku, itadaki",11
潮,水,tide,"チョウ、しお chō, shio",15
賃,貝,fare,チン chin,13
痛,疒,pain,"ツウ、いた-い、いた-む、いた-める tsū, ita-i, ita-mu, ita-meru",12
展,尸,expand,テン ten,10
討,言,chastise,"トウ、う-つ tō, u-tsu",10
党,黑,group,トウ tō,10
糖,米,sugar,トウ tō,16
届,尸,deliver,"とど-ける、とど-く todo-keru, todo-ku",8
難,隹,difficult,"ナン、かた-い、むずか-しい nan, kata-i, muzuka-shii",18
乳,乙,milk,"ニュウ、ちち、ち nyū, chichi, chi",8
認,言,recognize,"ニン、みと-める nin, mito-meru",14
納,糸,settlement,"ノウ、（ナッ）、（ナ）、（ナン）、（トウ）、おさ-める、おさ-まる nō, (na'), (na), (nan), (tō), osa-meru, osa-maru",10
脳,肉,brain,ノウ nō,11
派,水,sect,ハ ha,9
拝,手,worship,"ハイ、おが-む hai, oga-mu",8
背,肉,back,"ハイ、せ、せい、そむ-く、そむ-ける hai, se, sei, somu-ku, somu-keru",9
肺,肉,lungs,ハイ hai,9
俳,人,haiku,ハイ hai,10
班,玉,squad,ハン han,10
晩,日,nightfall,バン ban,12
否,口,negate,"ヒ、いな hi, ina",7
批,手,criticism,ヒ hi,7
秘,示,secret,"ヒ、ひ-める hi, hi-meru",10
腹,肉,abdomen,"フク、はら fuku, hara",13
奮,大,stirred up,"フン、ふる-う fun, furu-u",16
並,立,line-up,"ヘイ、なみ、なら-べる、なら-ぶ、なら-びに hei, nami, nara-beru, nara-bu, nara-bini",8
陛,阜,highness,ヘイ hei,10
閉,門,closed,"ヘイ、と-じる、と-ざす、し-める、し-まる hei, to-jiru, to-zasu, shi-meru, shi-maru",11
片,片,one-sided,"ヘン、かた hen, kata",4
補,衣,supplement,"ホ、おぎな-う ho, ogina-u",12
暮,日,livelihood,"ボ、く-れる、く-らす bo, ku-reru, ku-rasu",14
宝,宀,treasure,"ホウ、たから hō, takara",8
訪,言,visit,"ホウ、おとず-れる、たず-ねる hō, otozu-reru, tazu-neru",11
亡,亠,deceased,"ボウ、（モウ）、な-い bō, (mō), na-i",3
忘,心,forget,"ボウ、わす-れる bō, wasu-reru",7
棒,木,rod,ボウ bō,12
枚,木,sheet of...,マイ mai,8
幕,巾,curtain,"マク、バク maku, baku",13
密,宀,secrecy,ミツ mitsu,11
盟,皿,alliance,メイ mei,13
模,木,imitation,"モ、ボ mo, bo",14
訳,言,translate,"ヤク、わけ yaku, wake",11
郵,邑,mail,ユウ yū,11
優,人,superior,"ユウ、やさ-しい、すぐ-れる yū, yasa-shii, sugu-reru",17
幼,幺,infancy,"ヨウ、おさな-い yō, osana-i",5
欲,欠,longing,"ヨク、ほっ-する、ほ-しい yoku, ho'-suru, ho-shii",11
翌,羽,the following,ヨク yoku,11
乱,乙,riot,"ラン、みだ-れる、みだ-す ran, mida-reru, mida-su",7
卵,卩,egg,"ラン、たまご ran, tamago",7
覧,見,perusal,ラン ran,17
裏,衣,back,"リ、うら ri, ura",13
律,彳,law,"リツ、（リチ） ritsu, (richi)",9
臨,臣,look to,"リン、のぞ-む rin, nozo-mu",18
朗,月,melodious,"ロウ、ほが-らか rō, hoga-raka",10
論,言,theory,ロン ron,15
亜,二,sub-,ア a,7
哀,口,pathetic,"アイ、あわ-れ、あわ-れむ ai, awa-re, awa-remu",9
挨,手,push open,アイ ai,10
曖,日,not clear,アイ ai,17
握,手,grip,"アク、にぎ-る aku, nigi-ru",12
扱,手,handle,あつか-う atsuka-u,6
宛,宀,allocate,あ-てる a-teru,8
嵐,山,storm,あらし arashi,12
依,人,reliant,"イ、（エ） i, (e)",8
威,女,intimidate,イ i,9
為,爪,do,イ i,9
畏,田,fear,"イ、おそ-れる i, oso-reru",9
尉,寸,military officer,イ i,11
萎,艸,wither,"イ、な-える i, na-eru",11
偉,人,admirable,"イ、えら-い i, era-i",12
椅,木,chair,イ i,12
彙,彐,same kind,イ i,13
違,辵,differ,"イ、ちが-う、ちが-える i, chiga-u, chiga-eru",13
維,糸,fiber,イ i,14
慰,心,consolation,"イ、なぐさ-める、なぐさ-む i, nagusa-meru, nagusa-mu",15
緯,糸,horizontal,イ i,16
壱,士,one (falsification prevention),イチ ichi,7
逸,辵,deviate,イツ itsu,11
茨,艸,thorn,（いばら）[6] (ibara),9
芋,艸,potato,いも imo,6
咽,口,throat,イン in,9
姻,女,matrimony,イン in,9
淫,水,lewdness,"イン、みだ-ら in, mida-ra",11
陰,阜,shade,"イン、かげ、かげ-る in, kage, kage-ru",11
隠,阜,conceal,"イン、かく-す、かく-れる in, kaku-su, kaku-reru",14
韻,音,rhyme,イン in,19
唄,口,songs with shamisen,（うた） (uta),10
鬱,鬯,gloom,ウツ utsu,29
畝,田,furrow,うね une,10
浦,水,bay,うら ura,10
詠,言,recitation,"エイ、よ-む ei, yo-mu",12
影,彡,shadow,"エイ、かげ ei, kage",15
鋭,金,pointed,"エイ、するど-い ei, surudo-i",15
疫,疒,epidemic,"エキ、（ヤク） eki, (yaku)",9
悦,心,ecstasy,エツ etsu,10
越,走,cross over,"エツ、こ-す、こ-える etsu, ko-su, ko-eru",12
謁,言,audience,エツ etsu,15
閲,門,review,エツ etsu,15
炎,火,inflammation,"エン、ほのお en, honoo",8
怨,心,grudge,"エン、オン en, on",9
宴,宀,banquet,エン en,10
媛,女,princess,エン en,12
援,手,aid,エン en,12
煙,火,smoke,"エン、けむ-る、けむり、けむ-い en, kemu-ru, kemuri, kemu-i",13
猿,犬,monkey,"エン、さる en, saru",13
鉛,金,lead,"エン、なまり en, namari",13
縁,糸,affinity,"エン、ふち en, fuchi",15
艶,色,glossy,"エン、つや en, tsuya",19
汚,水,dirty,"オ、けが-す、けが-れる、けが-らわしい、よご-す、よご-れる、きたな-い o, kega-su, kega-reru, kega-rawashii, yogo-su, yogo-reru, kitana-i",6
凹,凵,concave,オウ ō,5
押,手,push,"オウ、お-す、お-さえる ō, o-su, o-saeru",8
旺,日,flourishing,オウ ō,8
欧,欠,Europe,オウ ō,8
殴,殳,assault,"オウ、なぐ-る ō, nagu-ru",8
翁,羽,venerable old man,オウ ō,10
奥,大,heart,"オウ、おく ō, oku",12
岡,山,hill,（おか）[6] (oka),8
憶,心,recollection,オク oku,16
臆,肉,timidity,オク oku,17
虞,虍,uneasiness,おそれ osore,13
乙,乙,the latter,オツ otsu,1
俺,人,"I, we",おれ ore,10
卸,卩,wholesale,"おろ-す、おろし oro-su, oroshi",9
穏,禾,calm,"オン、おだ-やか on, oda-yaka",16
佳,人,excellent,カ ka,8
苛,艸,torment,カ ka,8
架,木,rack,"カ、か-ける、か-かる ka, ka-keru, ka-karu",9
華,艸,splendor,"カ、（ケ）、はな ka, (ke), hana",10
菓,艸,confectionery,カ ka,11
渦,水,whirlpool,"カ、うず ka, uzu",12
嫁,女,marry into,"カ、よめ、とつ-ぐ ka, yome, totsu-gu",13
暇,日,spare time,"カ、ひま ka, hima",13
禍,示,calamity,カ ka,13
靴,革,shoes,"カ、くつ ka, kutsu",13
寡,宀,widow,カ ka,14
箇,竹,counters for things,カ ka,14
稼,禾,earnings,"カ、かせ-ぐ ka, kase-gu",15
蚊,虫,mosquito,か ka,10
牙,牙,tusk,"ガ、（ゲ）、きば ga, (ge), kiba",4
瓦,瓦,tile,"ガ、かわら ga, kawara",5
雅,隹,gracious,ガ ga,13
餓,食,starve,ガ ga,15
介,人,jammed in,カイ kai,4
戒,戈,commandment,"カイ、いまし-める kai, imashi-meru",7
怪,心,suspicious,"カイ、あや-しい、あや-しむ kai, aya-shii, aya-shimu",8
拐,手,kidnap,カイ kai,8
悔,心,repent,"カイ、く-いる、く-やむ、くや-しい kai, ku-iru, ku-yamu, kuya-shii",9
皆,白,all,"カイ、みな kai, mina",9
塊,土,clod,"カイ、かたまり kai, katamari",13
楷,木,square character style,カイ kai,13
潰,水,crush,"カイ、つぶ-す、つぶ-れる kai, tsubu-su, tsubu-reru",15
壊,土,demolition,"カイ、こわ-す、こわ-れる kai, kowa-su, kowa-reru",16
懐,心,pocket,"カイ、ふところ、なつ-かしい、なつ-かしむ、なつ-く、なつ-ける kai, futokoro, natsu-kashii, natsu-kashimu, natsu-ku, natsu-keru",16
諧,言,harmony,カイ kai,16
劾,力,censure,ガイ gai,8
崖,山,cliff,"ガイ、がけ gai, gake",11
涯,水,horizon,ガイ gai,11
慨,心,rue,ガイ gai,13
蓋,艸,cover,"ガイ、ふた gai, futa",13
該,言,above-stated,ガイ gai,13
概,木,outline,ガイ gai,14
骸,骨,dead remains,ガイ gai,16
垣,土,hedge,かき kaki,9
柿,木,persimmon,かき kaki,9
核,木,nucleus,カク kaku,10
殻,殳,husk,"カク、から kaku, kara",11
郭,邑,enclosure,カク kaku,11
較,車,contrast,カク kaku,13
隔,阜,isolate,"カク、へだ-てる、へだ-たる kaku, heda-teru, heda-taru",13
獲,犬,seize,"カク、え-る kaku, e-ru",16
嚇,口,menacing,カク kaku,17
穫,禾,harvest,カク kaku,18
岳,山,point,"ガク、たけ gaku, take",8
顎,頁,jaw,"ガク、あご gaku, ago",18
掛,手,hang,"か-ける、か-かる、かかり ka-keru, ka-karu, kakari",11
潟,水,lagoon,かた kata,15
括,手,fasten,カツ katsu,9
喝,口,hoarse,カツ katsu,11
渇,水,thirst,"カツ、かわ-く katsu, kawa-ku",11
葛,艸,arrowroot,"カツ、くず katsu, kuzu",12
滑,水,slippery,"カツ、コツ、すべ-る、なめ-らか katsu, kotsu, sube-ru, name-raka",13
褐,衣,brown,カツ katsu,13
轄,車,control,カツ katsu,17
且,一,moreover,か-つ ka-tsu,5
釜,金,kettle,かま kama,10
鎌,金,sickle,かま kama,18
刈,刀,reap,か-る ka-ru,4
甘,甘,sweet,"カン、あま-い、あま-える、あま-やかす kan, ama-i, ama-eru, ama-yakasu",5
汗,水,sweat,"カン、あせ kan, ase",6
缶,缶,tin can,カン kan,6
肝,肉,liver,"カン、きも kan, kimo",7
冠,冖,crown,"カン、かんむり kan, kanmuri",9
陥,阜,collapse,"カン、おちい-る、おとしい-れる kan, ochii-ru, otoshii-reru",10
乾,乙,dry,"カン、かわ-く、かわ-かす kan, kawa-ku, kawa-kasu",11
勘,力,intuition,カン kan,11
患,心,afflicted,"カン、わずら-う kan, wazura-u",11
貫,貝,pierce,"カン、つらぬ-く kan, tsuranu-ku",11
喚,口,yell,カン kan,12
堪,土,withstand,"カン、た-える kan, ta-eru",12
換,手,interchange,"カン、か-える、か-わる kan, ka-eru, ka-waru",12
敢,攴,daring,カン kan,12
棺,木,coffin,カン kan,12
款,欠,goodwill,カン kan,12
閑,門,leisure,カン kan,12
勧,力,persuade,"カン、すす-める kan, susu-meru",13
寛,宀,tolerant,カン kan,13
歓,欠,delight,カン kan,15
監,皿,oversee,カン kan,15
緩,糸,slacken,"カン、ゆる-い、ゆる-やか、ゆる-む、ゆる-める kan, yuru-i, yuru-yaka, yuru-mu, yuru-meru",15
憾,心,remorse,カン kan,16
還,辵,send back,カン kan,16
環,玉,ring,カン kan,17
韓,韋,Korea,カン kan,18
艦,舟,warship,カン kan,21
鑑,金,specimen,"カン、かんが-みる kan, kanga-miru",23
含,口,include,"ガン、ふく-む、ふく-める gan, fuku-mu, fuku-meru",7
玩,玉,trifle with,ガン gan,8
頑,頁,stubborn,ガン gan,13
企,人,plan,"キ、くわだ-てる ki, kuwada-teru",6
伎,人,deed,キ ki,6
岐,山,branch off,キ ki,7
忌,心,mourning,"キ、い-む、い-まわしい ki, i-mu, i-mawashii",7
奇,大,strange,キ ki,8
祈,示,pray,"キ、いの-る ki, ino-ru",8
軌,車,rut,キ ki,9
既,无,previously,"キ、すで-に ki, sude-ni",10
飢,食,hungry,"キ、う-える ki, u-eru",10
鬼,鬼,ghost,"キ、おに ki, oni",10
亀,龜,turtle,"キ、かめ ki, kame",11
幾,幺,how many,"キ、いく ki, iku",12
棋,木,chess piece,キ ki,12
棄,木,abandon,キ ki,13
毀,殳,destroy,キ ki,13
畿,田,capital,キ ki,15
輝,車,radiance,"キ、かがや-く ki, kagaya-ku",15
騎,馬,equestrian,キ ki,18
宜,宀,best regards,ギ gi,8
偽,人,falsehood,"ギ、いつわ-る、にせ gi, itsuwa-ru, nise",11
欺,欠,deceit,"ギ、あざむ-く gi, azamu-ku",12
儀,人,ceremony,ギ gi,15
戯,戈,frolic,"ギ、たわむ-れる gi, tawamu-reru",15
擬,手,mimic,ギ gi,17
犠,牛,sacrifice,ギ gi,17
菊,艸,chrysanthemum,キク kiku,11
吉,口,good luck,"キチ、キツ kichi, kitsu",6
喫,口,consume,キツ kitsu,12
詰,言,packed,"キツ、つ-める、つ-まる、つ-む kitsu, tsu-meru, tsu-maru, tsu-mu",13
却,卩,instead,キャク kyaku,7
脚,肉,leg,"キャク、（キャ）、あし kyaku, (kya), ashi",11
虐,虍,tyrannize,"ギャク、しいた-げる gyaku, shiita-geru",9
及,又,reach out,"キュウ、およ-ぶ、およ-び、およ-ぼす kyū, oyo-bu, oyo-bi, oyo-bosu",3
丘,一,hill,"キュウ、おか kyū, oka",5
朽,木,decay,"キュウ、く-ちる kyū, ku-chiru",6
臼,臼,mortar,"キュウ、うす kyū, usu",6
糾,糸,twist,キュウ kyū,9
嗅,口,smell,"キュウ、か-ぐ kyū, ka-gu",13
窮,穴,hard up,"キュウ、きわ-める、きわ-まる kyū, kiwa-meru, kiwa-maru",15
巨,工,gigantic,キョ kyo,5
拒,手,repel,"キョ、こば-む kyo, koba-mu",8
拠,手,foothold,"キョ、コ kyo, ko",8
虚,虍,void,"キョ、（コ） kyo, (ko)",11
距,足,long-distance,キョ kyo,12
御,彳,honorable,"ギョ、ゴ、おん gyo, go, on",12
凶,凵,villain,キョウ kyō,4
叫,口,shout,"キョウ、さけ-ぶ kyō, sake-bu",6
狂,犬,lunatic,"キョウ、くる-う、くる-おしい kyō, kuru-u, kuru-oshii",7
享,亠,receive,キョウ kyō,8
況,水,condition,キョウ kyō,8
峡,山,gorge,キョウ kyō,9
挟,手,pinch,"キョウ、はさ-む、はさ-まる kyō, hasa-mu, hasa-maru",9
狭,犬,cramped,"キョウ、せま-い、せば-める、せば-まる kyō, sema-i, seba-meru, seba-maru",9
恐,心,fear,"キョウ、おそ-れる、おそ-ろしい kyō, oso-reru, oso-roshii",10
恭,心,respect,"キョウ、うやうや-しい kyō, uyauya-shii",10
脅,肉,threaten,"キョウ、おびや-かす、おど-す、おど-かす kyō, obiya-kasu, odo-su, odo-kasu",10
矯,矢,rectify,"キョウ、た-める kyō, ta-meru",17
響,音,echo,"キョウ、ひび-く kyō, hibi-ku",20
驚,馬,wonder,"キョウ、おどろ-く、おどろ-かす kyō, odoro-ku, odoro-kasu",22
仰,人,face-up,"ギョウ、（コウ）、あお-ぐ、おお-せ gyō, (kō), ao-gu, oo-se",6
暁,日,daybreak,"ギョウ、あかつき gyō, akatsuki",12
凝,冫,congeal,"ギョウ、こ-る、こ-らす gyō, ko-ru, ko-rasu",16
巾,巾,towel,キン kin,3
斤,斤,axe,キン kin,4
菌,艸,germ,キン kin,11
琴,玉,harp,"キン、こと kin, koto",12
僅,人,a wee bit,"キン、わず-か kin, wazu-ka",13
緊,糸,tense,キン kin,15
錦,金,brocade,"キン、にしき kin, nishiki",16
謹,言,discreet,"キン、つつし-む kin, tsutsushi-mu",17
襟,衣,collar,"キン、えり kin, eri",18
吟,口,versify,ギン gin,7
駆,馬,drive,"ク、か-ける、か-る ku, ka-keru, ka-ru",14
惧,心,dread,グ gu,11
愚,心,foolish,"グ、おろ-か gu, oro-ka",13
偶,人,accidentally,グウ gū,11
遇,辵,interview,グウ gū,12
隅,阜,corner,"グウ、すみ gū, sumi",12
串,丨,skewer,くし kushi,7
屈,尸,yield,クツ kutsu,8
掘,手,dig,"クツ、ほ-る kutsu, ho-ru",11
窟,穴,cavern,クツ kutsu,13
熊,火,bear,くま kuma,14
繰,糸,winding,く-る ku-ru,19
勲,力,meritorious deed,クン kun,15
薫,艸,fragrant,"クン、かお-る kun, kao-ru",16
刑,刀,punish,ケイ kei,6
茎,艸,stalk,"ケイ、くき kei, kuki",8
契,大,pledge,"ケイ、ちぎ-る kei, chigi-ru",9
恵,心,favor,"ケイ、エ、めぐ-む kei, e, megu-mu",10
啓,口,disclose,ケイ kei,11
掲,手,put up (a notice),"ケイ、かか-げる kei, kaka-geru",11
渓,水,mountain stream,ケイ kei,11
蛍,虫,lightning-bug,"ケイ、ほたる kei, hotaru",11
傾,人,lean,"ケイ、かたむ-く、かたむ-ける kei, katamu-ku, katamu-keru",13
携,手,portable,"ケイ、たずさ-える、たずさ-わる kei, tazusa-eru, tazusa-waru",13
継,糸,inherit,"ケイ、つ-ぐ kei, tsu-gu",13
詣,言,visit a temple,"ケイ、もう-でる kei, mō-deru",13
慶,心,jubilation,ケイ kei,15
憬,心,long for,ケイ kei,15
稽,禾,consider,ケイ kei,15
憩,心,recess,"ケイ、いこ-い、いこ-う kei, iko-i, iko-u",16
鶏,鳥,chicken,"ケイ、にわとり kei, niwatori",19
迎,辵,welcome,"ゲイ、むか-える gei, muka-eru",7
鯨,魚,whale,"ゲイ、くじら gei, kujira",19
隙,阜,fissure,"ゲキ、すき geki, suki",13
撃,手,beat,"ゲキ、う-つ geki, u-tsu",15
桁,木,beam,けた keta,10
傑,人,greatness,ケツ ketsu,13
肩,肉,shoulder,"ケン、かた ken, kata",8
倹,人,frugal,ケン ken,10
兼,八,concurrently,"ケン、か-ねる ken, ka-neru",10
剣,刀,sabre,"ケン、つるぎ ken, tsurugi",10
拳,手,fist,"ケン、こぶし ken, kobushi",10
軒,車,flats,"ケン、のき ken, noki",10
圏,囗,sphere,ケン ken,12
堅,土,strict,"ケン、かた-い ken, kata-i",12
嫌,女,dislike,"ケン、（ゲン）、きら-う、いや ken, (gen), kira-u, iya",13
献,犬,offering,"ケン、（コン） ken, (kon)",13
遣,辵,dispatch,"ケン、つか-う、つか-わす ken, tsuka-u, tsuka-wasu",13
賢,貝,intelligent,"ケン、かしこ-い ken, kashiko-i",16
謙,言,self-effacing,ケン ken,17
鍵,金,key,"ケン、かぎ ken, kagi",17
繭,糸,cocoon,"ケン、まゆ ken, mayu",18
顕,頁,appear,ケン ken,18
懸,心,suspend,"ケン、（ケ）、か-ける、か-かる ken, (ke), ka-keru, ka-karu",20
幻,幺,phantasm,"ゲン、まぼろし gen, maboroshi",4
玄,玄,mysterious,ゲン gen,5
弦,弓,bowstring,"ゲン、つる gen, tsuru",8
舷,舟,gunwale,ゲン gen,11
股,肉,crotch,"コ、また ko, mata",8
虎,虍,tiger,"コ、とら ko, tora",8
孤,子,orphan,コ ko,9
弧,弓,arc,コ ko,9
枯,木,wither,"コ、か-れる、か-らす ko, ka-reru, ka-rasu",9
雇,隹,employ,"コ、やと-う ko, yato-u",12
誇,言,boast,"コ、ほこ-る ko, hoko-ru",13
鼓,鼓,drum,"コ、つづみ ko, tsuzumi",13
錮,金,tie up,コ ko,16
顧,頁,look back,"コ、かえり-みる ko, kaeri-miru",21
互,二,mutually,"ゴ、たが-い go, taga-i",4
呉,口,give,ゴ go,7
娯,女,recreation,ゴ go,10
悟,心,enlightenment,"ゴ、さと-る go, sato-ru",10
碁,石,Go,ゴ go,13
勾,勹,capture,コウ kō,4
孔,子,cavity,コウ kō,4
巧,工,adroit,"コウ、たく-み kō, taku-mi",5
甲,田,armor,"コウ、カン kō, kan",5
江,水,inlet,"コウ、え kō, e",6
坑,土,pit,コウ kō,7
抗,手,confront,コウ kō,7
攻,攴,aggression,"コウ、せ-める kō, se-meru",7
更,曰,grow late,"コウ、さら、ふ-ける、ふ-かす kō, sara, fu-keru, fu-kasu",7
拘,手,arrest,コウ kō,8
肯,肉,agreement,コウ kō,8
侯,人,marquis,コウ kō,9
恒,心,constancy,コウ kō,9
洪,水,deluge,コウ kō,9
荒,艸,laid waste,"コウ、あら-い、あ-れる、あ-らす kō, ara-i, a-reru, a-rasu",9
郊,邑,outskirts,コウ kō,9
香,香,incense,"コウ、（キョウ）、か、かお-り、かお-る kō, (kyō), ka, kao-ri, kao-ru",9
貢,貝,tribute,"コウ、（ク）、みつ-ぐ kō, (ku), mitsu-gu",10
控,手,withdraw,"コウ、ひか-える kō, hika-eru",11
梗,木,close up,コウ kō,11
喉,口,throat,"コウ、のど kō, nodo",12
慌,心,disconcerted,"コウ、あわ-てる、あわ-ただしい kō, awa-teru, awa-tadashii",12
硬,石,stiff,"コウ、かた-い kō, kata-i",12
絞,糸,strangle,"コウ、しぼ-る、し-める、し-まる kō, shibo-ru, shi-meru, shi-maru",12
項,頁,paragraph,コウ kō,12
溝,水,gutter,"コウ、みぞ kō, mizo",13
綱,糸,hawser,"コウ、つな kō, tsuna",14
酵,酉,fermentation,コウ kō,14
稿,禾,draft,コウ kō,15
衡,行,equilibrium,コウ kō,16
購,貝,subscription,コウ kō,17
乞,乙,beg,こ-う ko-u,3
拷,手,torture,ゴウ gō,9
剛,刀,sturdy,ゴウ gō,10
傲,人,be proud,ゴウ gō,13
豪,豕,overpowering,ゴウ gō,14
克,儿,overcome,コク koku,7
酷,酉,cruel,コク koku,14
獄,犬,prison,ゴク goku,14
駒,馬,horse,こま koma,15
込,辵,crowded,"こ-む、こ-める ko-mu, ko-meru",5
頃,頁,times,ころ koro,11
昆,日,descendants,コン kon,8
恨,心,rancor,"コン、うら-む、うら-めしい kon, ura-mu, ura-meshii",9
婚,女,marriage,コン kon,11
痕,疒,mark,"コン、あと kon, ato",11
紺,糸,dark blue,コン kon,11
魂,鬼,soul,"コン、たましい kon, tamashii",14
墾,土,ground-breaking,コン kon,16
懇,心,sociable,"コン、ねんご-ろ kon, nengo-ro",17
佐,人,help,サ sa,7
沙,水,sand,サ sa,7
唆,口,tempt,"サ、そそのか-す sa, sosonoka-su",10
詐,言,lie,サ sa,12
鎖,金,chain,"サ、くさり sa, kusari",18
挫,手,sprain,ザ za,10
采,釆,form,サイ sai,8
砕,石,smash,"サイ、くだ-く、くだ-ける sai, kuda-ku, kuda-keru",9
宰,宀,superintend,サイ sai,10
栽,木,plantation,サイ sai,10
彩,彡,coloring,"サイ、いろど-る sai, irodo-ru",11
斎,齊,purification,サイ sai,11
債,人,bond,サイ sai,13
催,人,sponsor,"サイ、もよお-す sai, moyoo-su",13
塞,土,obstruct,"サイ、ソク、ふさ-ぐ、ふさ-がる sai, soku, fusa-gu, fusa-garu",13
歳,止,year-end,"サイ、（セイ） sai, (sei)",13
載,車,ride,"サイ、の-せる、の-る sai, no-seru, no-ru",13
埼,土,cape (geography),（さい）[6] (sai),11
剤,刀,dose,ザイ zai,10
崎,山,promontory,さき saki,11
削,刀,plane,"サク、けず-る saku, kezu-ru",9
柵,木,fence,サク saku,9
索,糸,cord,サク saku,10
酢,酉,vinegar,"サク、す saku, su",12
搾,手,squeeze,"サク、しぼ-る saku, shibo-ru",13
錯,金,confused,サク saku,16
咲,口,blossom,さ-く sa-ku,9
刹,刀,temple,"サツ、セツ satsu, setsu",8
拶,手,be imminent,サツ satsu,9
撮,手,snapshot,"サツ、と-る satsu, to-ru",15
擦,手,grate,"サツ、す-る、す-れる satsu, su-ru, su-reru",17
桟,木,scaffold,サン san,10
惨,心,wretched,"サン、ザン、みじ-め san, zan, miji-me",11
傘,人,umbrella,"サン、かさ san, kasa",12
斬,斤,kill by slicing,"ザン、き-る zan, ki-ru",11
暫,日,temporarily,ザン zan,15
旨,日,delicious,"シ、むね shi, mune",6
伺,人,pay respects,"シ、うかが-う shi, ukaga-u",7
刺,刀,thorn,"シ、さ-す、さ-さる shi, sa-su, sa-saru",8
祉,示,welfare,シ shi,8
肢,肉,limb,シ shi,8
施,方,carry out,"シ、セ、ほどこ-す shi, se, hodoko-su",9
恣,心,selfish,シ shi,10
脂,肉,fat,"シ、あぶら shi, abura",10
紫,糸,purple,"シ、むらさき shi, murasaki",12
嗣,口,heir,シ shi,13
雌,隹,feminine,"シ、め、めす shi, me, mesu",14
摯,手,seriousness,シ shi,15
賜,貝,grant,"シ、たまわ-る shi, tamawa-ru",15
諮,言,consult with,"シ、はか-る shi, haka-ru",16
侍,人,waiter,"ジ、さむらい ji, samurai",8
滋,水,nourishing,ジ ji,12
慈,心,mercy,"ジ、いつく-しむ ji, itsuku-shimu",13
餌,食,bait,"ジ、えさ、え ji, esa, e",15
璽,玉,emperor's seal,ジ ji,19
鹿,鹿,deer,"しか、（か）、ロク shika, (ka), roku",11
軸,車,axis,ジク jiku,12
𠮟,口,scold,"シツ、しか-る shitsu, shika-ru",5
疾,疒,rapidly,シツ shitsu,10
執,土,tenacious,"シツ、シュウ、と-る shitsu, shū, to-ru",11
湿,水,damp,"シツ、しめ-る、しめ-す shitsu, shime-ru, shime-su",12
嫉,女,envy,シツ shitsu,13
漆,水,lacquer,"シツ、うるし shitsu, urushi",14
芝,艸,turf,しば shiba,6
赦,赤,pardon,シャ sha,11
斜,斗,diagonal,"シャ、なな-め sha, nana-me",11
煮,火,boil,"シャ、に-る、に-える、に-やす sha, ni-ru, ni-eru, ni-yasu",12
遮,辵,intercept,"シャ、さえぎ-る sha, saegi-ru",14
邪,邑,wicked,ジャ ja,8
蛇,虫,snake,"ジャ、ダ、へび ja, da, hebi",11
酌,酉,bartending,"シャク、く-む shaku, ku-mu",10
釈,釆,explanation,シャク shaku,11
爵,爪,baron,シャク shaku,17
寂,宀,loneliness,"ジャク、（セキ）、さび、さび-しい、さび-れる jaku, (seki), sabi, sabi-shii, sabi-reru",11
朱,木,vermilion,シュ shu,6
狩,犬,hunt,"シュ、か-る、か-り shu, ka-ru, ka-ri",9
殊,歹,particularly,"シュ、こと shu, koto",10
珠,玉,pearl,シュ shu,10
腫,肉,tumor,"シュ、は-れる、は-らす shu, ha-reru, ha-rasu",13
趣,走,gist,"シュ、おもむき shu, omomuki",15
寿,士,longevity,"ジュ、ことぶき ju, kotobuki",7
呪,口,curse,"ジュ、のろ-う ju, noro-u",8
需,雨,demand,ジュ ju,14
儒,人,Confucian,ジュ ju,16
囚,囗,captured,シュウ shū,5
舟,舟,boat,"シュウ、ふね、（ふな） shū, fune, (funa)",6
秀,禾,excel,"シュウ、ひい-でる shū, hii-deru",7
臭,自,stinking,"シュウ、くさ-い、にお-う shū, kusa-i, nio-u",9
袖,衣,sleeve,"シュウ、そで shū, sode",10
羞,羊,feel ashamed,シュウ shū,11
愁,心,distress,"シュウ、うれ-える、うれ-い shū, ure-eru, ure-i",13
酬,酉,repay,シュウ shū,13
醜,酉,ugly,"シュウ、みにく-い shū, miniku-i",17
蹴,足,kick,"シュウ、け-る shū, ke-ru",19
襲,衣,attack,"シュウ、おそ-う shū, oso-u",22
汁,水,soup,"ジュウ、しる jū, shiru",5
充,儿,allot,"ジュウ、あ-てる jū, a-teru",6
柔,木,tender,"ジュウ、ニュウ、やわ-らか、やわ-らかい jū, nyū, yawa-raka, yawa-rakai",9
渋,水,astringent,"ジュウ、しぶ、しぶ-い、しぶ-る jū, shibu, shibu-i, shibu-ru",11
銃,金,gun,ジュウ jū,14
獣,犬,animal,"ジュウ、けもの jū, kemono",16
叔,又,uncle,シュク shuku,8
淑,水,graceful,シュク shuku,11
粛,聿,solemn,シュク shuku,11
塾,土,cram school,ジュク juku,14
俊,人,genius,シュン shun,9
瞬,目,wink,"シュン、またた-く shun, matata-ku",18
旬,日,10-day period (of the month),"ジュン、（シュン） jun, (shun)",6
巡,巛,patrol,"ジュン、めぐ-る jun, megu-ru",6
盾,目,shield,"ジュン、たて jun, tate",9
准,冫,quasi-,ジュン jun,10
殉,歹,martyrdom,ジュン jun,10
循,彳,sequential,ジュン jun,12
潤,水,wet,"ジュン、うるお-う、うるお-す、うる-む jun, uruo-u, uruo-su, uru-mu",15
遵,辵,abide by,ジュン jun,15
庶,广,commoner,ショ sho,11
緒,糸,thong,"ショ、（チョ）、お sho, (cho), o",14
如,女,likeness,"ジョ、ニョ jo, nyo",6
叙,攴,confer,ジョ jo,9
徐,彳,gradually,ジョ jo,10
升,十,measuring box,"ショウ、ます shō, masu",4
召,口,summon,"ショウ、め-す shō, me-su",5
匠,匚,artisan,ショウ shō,6
床,广,bed,"ショウ、とこ、ゆか shō, toko, yuka",7
抄,手,extract,ショウ shō,7
肖,肉,resemblance,ショウ shō,7
尚,小,esteem,ショウ shō,8
昇,日,rise up,"ショウ、のぼ-る shō, nobo-ru",8
沼,水,marsh,"ショウ、ぬま shō, numa",8
宵,宀,wee hours,"ショウ、よい shō, yoi",10
症,疒,symptoms,ショウ shō,10
祥,示,auspicious,ショウ shō,10
称,禾,appellation,ショウ shō,10
渉,水,ford,ショウ shō,11
紹,糸,introduce,ショウ shō,11
訟,言,sue,ショウ shō,11
掌,手,manipulate,ショウ shō,12
晶,日,sparkle,ショウ shō,12
焦,火,char,"ショウ、こ-げる、こ-がす、こ-がれる、あせ-る shō, ko-geru, ko-gasu, ko-gareru, ase-ru",12
硝,石,nitrate,ショウ shō,12
粧,米,cosmetics,ショウ shō,12
詔,言,imperial edict,"ショウ、みことのり shō, mikotonori",12
奨,大,exhort,ショウ shō,13
詳,言,detailed,"ショウ、くわ-しい shō, kuwa-shii",13
彰,彡,patent,ショウ shō,14
憧,心,desire,"ショウ、あこが-れる shō, akoga-reru",15
衝,行,collide,ショウ shō,15
償,人,reparation,"ショウ、つぐな-う shō, tsuguna-u",17
礁,石,reef,ショウ shō,17
鐘,金,bell,"ショウ、かね shō, kane",20
丈,一,length,"ジョウ、たけ jō, take",3
冗,冖,superfluous,ジョウ jō,4
浄,水,clean,ジョウ jō,9
剰,刀,surplus,ジョウ jō,11
畳,田,tatami mat,"ジョウ、たた-む、たたみ jō, tata-mu, tatami",12
縄,糸,straw rope,"ジョウ、なわ jō, nawa",15
壌,土,lot,ジョウ jō,16
嬢,女,lass,ジョウ jō,16
錠,金,lock,ジョウ jō,16
譲,言,defer,"ジョウ、ゆず-る jō, yuzu-ru",20
醸,酉,brew,"ジョウ、かも-す jō, kamo-su",20
拭,手,wipe,"ショク、ふ-く、ぬぐ-う shoku, fu-ku, nugu-u",9
殖,歹,augment,"ショク、ふ-える、ふ-やす shoku, fu-eru, fu-yasu",12
飾,食,decorate,"ショク、かざ-る shoku, kaza-ru",13
触,角,contact,"ショク、ふ-れる、さわ-る shoku, fu-reru, sawa-ru",13
嘱,口,entrust,ショク shoku,15
辱,辰,embarrass,"ジョク、はずかし-める joku, hazukashi-meru",10
尻,尸,buttocks,しり shiri,5
伸,人,lengthen,"シン、の-びる、の-ばす、の-べる shin, no-biru, no-basu, no-beru",7
芯,艸,core,シン shin,7
辛,辛,spicy,"シン、から-い shin, kara-i",7
侵,人,encroach,"シン、おか-す shin, oka-su",9
津,水,haven,"シン、つ shin, tsu",9
唇,口,lips,"シン、くちびる shin, kuchibiru",10
娠,女,with child,シン shin,10
振,手,shake,"シン、ふ-る、ふ-るう、ふ-れる shin, fu-ru, fu-rū, fu-reru",10
浸,水,immersed,"シン、ひた-す、ひた-る shin, hita-su, hita-ru",10
紳,糸,sire,シン shin,11
診,言,checkup,"シン、み-る shin, mi-ru",12
寝,宀,lie down,"シン、ね-る、ね-かす shin, ne-ru, ne-kasu",13
慎,心,humility,"シン、つつし-む shin, tsutsushi-mu",13
審,宀,examine,シン shin,15
震,雨,quake,"シン、ふる-う、ふる-える shin, furu-u, furu-eru",15
薪,艸,fuel,"シン、たきぎ shin, takigi",16
刃,刀,blade,"ジン、は jin, ha",3
尽,皿,exhaust,"ジン、つ-くす、つ-きる、つ-かす jin, tsu-kusu, tsu-kiru, tsu-kasu",6
迅,辵,swift,ジン jin,6
甚,甘,tremendously,"ジン、はなは-だ、はなは-だしい jin, hanaha-da, hanaha-dashii",9
陣,阜,camp,ジン jin,10
尋,寸,inquire,"ジン、たず-ねる jin, tazu-neru",12
腎,肉,kidney,ジン jin,13
須,頁,by all means,ス su,12
吹,口,blow,"スイ、ふ-く sui, fu-ku",7
炊,火,cook,"スイ、た-く sui, ta-ku",8
帥,巾,commander,スイ sui,9
粋,米,chic,"スイ、いき sui, iki",10
衰,衣,decline,"スイ、おとろ-える sui, otoro-eru",10
酔,酉,drunk,"スイ、よ-う sui, yo-u",11
遂,辵,consummate,"スイ、と-げる sui, to-geru",12
睡,目,drowsy,スイ sui,13
穂,禾,ear,"スイ、ほ sui, ho",15
随,阜,follow,ズイ zui,12
髄,骨,marrow,ズイ zui,19
枢,木,hinge,スウ sū,8
崇,山,adore,スウ sū,11
据,手,set,"す-える、す-わる su-eru, su-waru",11
杉,木,cedar,すぎ sugi,7
裾,衣,cuff,すそ suso,13
瀬,水,rapids,せ se,19
是,日,just so,ゼ ze,9
井,二,well,"セイ、（ショウ）、い sei, (shō), i",4
姓,女,surname,"セイ、ショウ sei, shō",8
征,彳,subjugate,セイ sei,8
斉,齊,adjusted,セイ sei,8
牲,牛,animal sacrifice,セイ sei,9
凄,冫,uncanny,セイ sei,10
逝,辵,departed,"セイ、ゆ-く、い-く sei, yu-ku, i-ku",10
婿,女,bridegroom,"セイ、むこ sei, muko",12
誓,言,vow,"セイ、ちか-う sei, chika-u",14
請,言,solicit,"セイ、（シン）、こ-う、う-ける sei, (shin), ko-u, u-keru",15
醒,酉,be disillusioned,セイ sei,16
斥,斤,reject,セキ seki,5
析,木,chop,セキ seki,8
脊,肉,stature,セキ seki,10
隻,隹,vessels,セキ seki,10
惜,心,pity,"セキ、お-しい、お-しむ seki, o-shii, o-shimu",11
戚,戈,grieve,セキ seki,11
跡,足,tracks,"セキ、あと seki, ato",13
籍,竹,enroll,セキ seki,20
拙,手,bungling,"セツ、つたな-い setsu, tsutana-i",8
窃,穴,stealth,セツ setsu,9
摂,手,vicarious,セツ setsu,13
仙,人,hermit,セン sen,5
占,卜,fortune telling,"セン、し-める、うらな-う sen, shi-meru, urana-u",5
扇,戶,fan,"セン、おうぎ sen, ōgi",10
栓,木,plug,セン sen,10
旋,方,rotation,セン sen,11
煎,火,broil,"セン、い-る sen, i-ru",13
羨,羊,envy,"セン、うらや-む、うらや-ましい sen, uraya-mu, uraya-mashii",13
腺,肉,gland,セン sen,13
詮,言,discussion,セン sen,13
践,足,tread,セン sen,13
箋,竹,paper,セン sen,14
潜,水,submerge,"セン、ひそ-む、もぐ-る sen, hiso-mu, mogu-ru",15
遷,辵,transition,セン sen,15
薦,艸,recommend,"セン、すす-める sen, susu-meru",16
繊,糸,slender,セン sen,17
鮮,魚,fresh,"セン、あざ-やか sen, aza-yaka",17
禅,示,Zen,ゼン zen,13
漸,水,steadily,ゼン zen,14
膳,肉,tray,ゼン zen,16
繕,糸,darning,"ゼン、つくろ-う zen, tsukuro-u",18
狙,犬,aim at,"ソ、ねら-う so, nera-u",8
阻,阜,thwart,"ソ、はば-む so, haba-mu",8
租,禾,tariff,ソ so,10
措,手,set aside,ソ so,11
粗,米,coarse,"ソ、あら-い so, ara-i",11
疎,疋,alienate,"ソ、うと-い、うと-む so, uto-i, uto-mu",12
訴,言,sue,"ソ、うった-える so, utta-eru",12
塑,土,model,ソ so,13
遡,辵,go upstream,"ソ、さかのぼ-る so, sakanobo-ru",14
礎,石,cornerstone,"ソ、いしずえ so, ishizue",18
双,隹,pair,"ソウ、ふた sō, futa",4
壮,士,robust,ソウ sō,6
荘,艸,villa,ソウ sō,9
捜,手,search,"ソウ、さが-す sō, saga-su",10
挿,手,insert,"ソウ、さ-す sō, sa-su",10
桑,木,mulberry,"ソウ、くわ sō, kuwa",10
掃,手,sweep,"ソウ、は-く sō, ha-ku",11
曹,曰,cadet,ソウ sō,11
曽,曰,formerly,"ソウ、（ゾ） sō, (zo)",11
爽,爻,refreshing,"ソウ、さわ-やか sō, sawa-yaka",11
喪,口,miss,"ソウ、も sō, mo",12
痩,疒,get thin,"ソウ、や-せる sō, ya-seru",12
葬,艸,interment,"ソウ、ほうむ-る sō, hōmu-ru",12
僧,人,Buddhist priest,ソウ sō,13
遭,辵,encounter,"ソウ、あ-う sō, a-u",14
槽,木,vat,ソウ sō,15
踪,足,remains,ソウ sō,15
燥,火,parch,ソウ sō,17
霜,雨,frost,"ソウ、しも sō, shimo",17
騒,馬,boisterous,"ソウ、さわ-ぐ sō, sawa-gu",18
藻,艸,seaweed,"ソウ、も sō, mo",19
憎,心,hate,"ゾウ、にく-む、にく-い、にく-らしい、にく-しみ zō, niku-mu, niku-i, niku-rashii, niku-shimi",14
贈,貝,presents,"ゾウ、（ソウ）、おく-る zō, (sō), oku-ru",18
即,卩,instant,ソク soku,7
促,人,stimulate,"ソク、うなが-す soku, unaga-su",9
捉,手,capture,"ソク、とら-える soku, tora-eru",10
俗,人,vulgar,ゾク zoku,9
賊,貝,burglar,ゾク zoku,13
遜,辵,humble,ソン son,14
汰,水,luxury,タ ta,7
妥,女,gentle,ダ da,7
唾,口,saliva,"ダ、つば da, tsuba",11
堕,土,degenerate,ダ da,12
惰,心,lazy,ダ da,12
駄,馬,burdensome,ダ da,14
耐,而,resistant,"タイ、た-える tai, ta-eru",9
怠,心,neglect,"タイ、おこた-る、なま-ける tai, okota-ru, nama-keru",9
胎,肉,womb,タイ tai,9
泰,水,peaceful,タイ tai,10
堆,土,piled high,タイ tai,11
袋,衣,sack,"タイ、ふくろ tai, fukuro",11
逮,辵,apprehend,タイ tai,11
替,曰,exchange,"タイ、か-える、か-わる tai, ka-eru, ka-waru",12
滞,水,stagnate,"タイ、とどこお-る tai, todokoo-ru",13
戴,戈,be crowned with,タイ tai,17
滝,水,waterfall,たき taki,13
択,手,choose,タク taku,7
沢,水,swamp,"タク、さわ taku, sawa",7
卓,十,eminent,タク taku,8
拓,手,clear (the land),タク taku,8
託,言,consign,タク taku,10
濯,水,laundry,タク taku,17
諾,言,consent,ダク daku,15
濁,水,voiced,"ダク、にご-る、にご-す daku, nigo-ru, nigo-su",16
但,人,however,ただ-し tada-shi,7
脱,肉,undress,"ダツ、ぬ-ぐ、ぬ-げる datsu, nu-gu, nu-geru",11
奪,大,rob,"ダツ、うば-う datsu, uba-u",14
棚,木,shelf,たな tana,12
誰,言,who (question word),だれ dare,15
丹,丶,cinnabar,タン tan,4
旦,日,daybreak,"タン、ダン tan, dan",5
胆,肉,gall bladder,タン tan,9
淡,水,thin,"タン、あわ-い tan, awa-i",11
嘆,口,sigh,"タン、なげ-く、なげ-かわしい tan, nage-ku, nage-kawashii",13
端,立,edge,"タン、はし、は、はた tan, hashi, ha, hata",14
綻,糸,rip,"タン、ほころ-びる tan, hokoro-biru",14
鍛,金,forge,"タン、きた-える tan, kita-eru",17
弾,弓,bullet,"ダン、ひ-く、はず-む、たま dan, hi-ku, hazu-mu, tama",12
壇,土,podium,"ダン、（タン） dan, (tan)",16
恥,心,shame,"チ、は-じる、はじ、は-じらう、は-ずかしい chi, ha-jiru, haji, ha-jirau, ha-zukashii",10
致,至,(to) do,"チ、いた-す chi, ita-su",10
遅,辵,slow,"チ、おく-れる、おく-らす、おそ-い chi, oku-reru, oku-rasu, oso-i",12
痴,疒,stupid,チ chi,13
稚,禾,immature,チ chi,13
緻,糸,fine (not coarse),チ chi,16
畜,田,livestock,チク chiku,10
逐,辵,pursue,チク chiku,10
蓄,艸,amass,"チク、たくわ-える chiku, takuwa-eru",13
秩,禾,regularity,チツ chitsu,10
窒,穴,plug up,チツ chitsu,11
嫡,女,legitimate wife,チャク chaku,14
沖,水,open sea,"チュウ、おき chū, oki",7
抽,手,pluck,チュウ chū,8
衷,衣,inmost,チュウ chū,10
酎,酉,sake,チュウ chū,10
鋳,金,casting,"チュウ、い-る chū, i-ru",15
駐,馬,stop-over,チュウ chū,15
弔,弓,condolences,"チョウ、とむら-う chō, tomura-u",4
挑,手,challenge,"チョウ、いど-む chō, ido-mu",9
彫,彡,carve,"チョウ、ほ-る chō, ho-ru",11
眺,目,stare,"チョウ、なが-める chō, naga-meru",11
釣,金,angling,"チョウ、つ-る chō, tsu-ru",11
貼,貝,paste,"チョウ、は-る chō, ha-ru",12
超,走,transcend,"チョウ、こ-える、こ-す chō, ko-eru, ko-su",12
跳,足,hop,"チョウ、は-ねる、と-ぶ chō, ha-neru, to-bu",13
徴,彳,indications,チョウ chō,14
嘲,口,ridicule,"チョウ、あざけ-る chō, azake-ru",15
澄,水,lucidity,"チョウ、す-む、す-ます chō, su-mu, su-masu",15
聴,耳,listen,"チョウ、き-く chō, ki-ku",17
懲,心,penal,"チョウ、こ-りる、こ-らす、こ-らしめる chō, ko-riru, ko-rasu, ko-rashimeru",18
勅,力,imperial order,チョク choku,9
捗,手,make progress,チョク choku,10
沈,水,sink,"チン、しず-む、しず-める chin, shizu-mu, shizu-meru",7
珍,玉,rare,"チン、めずら-しい chin, mezura-shii",9
朕,月,majestic plural,チン chin,10
陳,阜,exhibit,チン chin,11
鎮,金,tranquilize,"チン、しず-める、しず-まる chin, shizu-meru, shizu-maru",18
椎,木,oak,ツイ tsui,12
墜,土,crash,ツイ tsui,15
塚,土,hillock,つか tsuka,12
漬,水,pickling,"つ-ける、つ-かる tsu-keru, tsu-karu",14
坪,土,two-mat area,つぼ tsubo,8
爪,爪,claw,"つめ、（つま） tsume, (tsuma)",4
鶴,鳥,crane,つる tsuru,21
呈,口,display,テイ tei,7
廷,廴,courts,テイ tei,7
抵,手,resist,テイ tei,8
邸,邑,residence,テイ tei,8
亭,亠,pavilion,テイ tei,9
貞,貝,upright,テイ tei,9
帝,巾,sovereign,テイ tei,9
訂,言,revise,テイ tei,9
逓,辵,relay,テイ tei,10
偵,人,spy,テイ tei,11
堤,土,dike,"テイ、つつみ tei, tsutsumi",12
艇,舟,rowboat,テイ tei,13
締,糸,tighten,"テイ、し-まる、し-める tei, shi-maru, shi-meru",15
諦,言,abandon,"テイ、あきら-める tei, akira-meru",16
泥,水,mud,"デイ、どろ dei, doro",8
摘,手,pinch,"テキ、つ-む teki, tsu-mu",14
滴,水,drip,"テキ、しずく、したた-る teki, shizuku, shitata-ru",14
溺,水,drown,"デキ、おぼ-れる deki, obo-reru",13
迭,辵,transfer,テツ tetsu,8
哲,口,philosophy,テツ tetsu,10
徹,彳,penetrate,テツ tetsu,15
撤,手,remove,テツ tetsu,15
添,水,annexed,"テン、そ-える、そ-う ten, so-eru, so-u",11
塡,土,fill in,テン ten,13
殿,殳,Mr.,"デン、テン、との、どの den, ten, tono, dono",13
斗,斗,Big Dipper,ト to,4
吐,口,spit,"ト、は-く to, ha-ku",6
妬,女,jealousy,"ト、ねた-む to, neta-mu",8
途,辵,route,ト to,10
渡,水,transit,"ト、わた-る、わた-す to, wata-ru, wata-su",12
塗,土,paint,"ト、ぬ-る to, nu-ru",13
賭,貝,gamble,"ト、か-ける to, ka-keru",16
奴,女,guy,ド do,5
怒,心,angry,"ド、いか-る、おこ-る do, ika-ru, oko-ru",9
到,刀,arrival,トウ tō,8
逃,辵,escape,"トウ、に-げる、に-がす、のが-す、のが-れる tō, ni-geru, ni-gasu, noga-su, noga-reru",9
倒,人,overthrow,"トウ、たお-れる、たお-す tō, tao-reru, tao-su",10
凍,冫,frozen,"トウ、こお-る、こご-える tō, koo-ru, kogo-eru",10
唐,口,T'ang,"トウ、から tō, kara",10
桃,木,peach tree,"トウ、もも tō, momo",10
透,辵,transparent,"トウ、す-く、す-かす、す-ける tō, su-ku, su-kasu, su-keru",10
悼,心,lament,"トウ、いた-む tō, ita-mu",11
盗,皿,steal,"トウ、ぬす-む tō, nusu-mu",11
陶,阜,pottery,トウ tō,11
塔,土,pagoda,トウ tō,12
搭,手,board,トウ tō,12
棟,木,ridgepole,"トウ、むね、（むな） tō, mune, (muna)",12
痘,疒,pox,トウ tō,12
筒,竹,cylinder,"トウ、つつ tō, tsutsu",12
稲,禾,rice plant,"トウ、いね、（いな） tō, ine, (ina)",14
踏,足,step,"トウ、ふ-む、ふ-まえる tō, fu-mu, fu-maeru",15
謄,言,mimeograph,トウ tō,17
藤,艸,wisteria,"トウ、ふじ tō, fuji",18
闘,鬥,fight,"トウ、たたか-う tō, tataka-u",18
騰,馬,inflation,トウ tō,20
洞,水,den,"ドウ、ほら dō, hora",9
胴,肉,trunk,ドウ dō,10
瞳,目,pupil,"ドウ、ひとみ dō, hitomi",17
峠,山,mountain peak,とうげ tōge,9
匿,匸,hide,トク toku,10
督,目,coach,トク toku,13
篤,竹,fervent,トク toku,16
栃,木,horse chestnut,（とち）[6] (tochi),9
凸,凵,convex,トツ totsu,5
突,穴,stab,"トツ、つ-く totsu, tsu-ku",8
屯,屮,barracks,トン ton,4
豚,豕,pork,"トン、ぶた ton, buta",11
頓,頁,suddenly,トン ton,13
貪,貝,covet,"ドン、むさぼ-る don, musabo-ru",11
鈍,金,dull,"ドン、にぶ-い、にぶ-る don, nibu-i, nibu-ru",12
曇,日,cloudy weather,"ドン、くも-る don, kumo-ru",16
丼,丶,bowl of food,"どんぶり、（どん） donburi, (don)",5
那,邑,what,ナ na,7
奈,大,what,ナ na,8
梨,木,pear tree,なし nashi,11
謎,言,riddle,なぞ nazo,17
鍋,金,pot,なべ nabe,17
軟,車,soft,"ナン、やわ-らか、やわ-らかい nan, yawa-raka, yawa-rakai",11
尼,尸,nun,"ニ、あま ni, ama",5
弐,貝,two (falsification prevention),ニ ni,6
匂,勹,scent,にお-う nio-u,4
虹,虫,rainbow,にじ niji,9
尿,尸,urine,ニョウ nyō,7
妊,女,pregnancy,ニン nin,7
忍,心,endure,"ニン、しの-ぶ、しの-ばせる nin, shino-bu, shino-baseru",7
寧,宀,rather,ネイ nei,14
捻,手,twist,"ネン、ひね-る nen, hine-ru",11
粘,米,sticky,"ネン、ねば-る nen, neba-ru",11
悩,心,trouble,"ノウ、なや-む、なや-ます nō, naya-mu, naya-masu",10
濃,水,concentrated,"ノウ、こ-い nō, ko-i",16
把,手,grasp,ハ ha,7
覇,雨,hegemony,ハ ha,19
婆,女,old woman,バ ba,11
罵,网,insult,"バ、ののし-る ba, nonoshi-ru",15
杯,木,counter for cupfuls,"ハイ、さかずき hai, sakazuki",8
排,手,repudiate,ハイ hai,11
廃,广,abolish,"ハイ、すた-れる、すた-る hai, suta-reru, suta-ru",12
輩,車,comrade,ハイ hai,15
培,土,cultivate,"バイ、つちか-う bai, tsuchika-u",11
陪,阜,obeisance,バイ bai,11
媒,女,mediator,バイ bai,12
賠,貝,compensation,バイ bai,15
伯,人,chief,ハク haku,7
拍,手,clap,"ハク、（ヒョウ） haku, (hyō)",8
泊,水,overnight,"ハク、と-まる、と-める haku, to-maru, to-meru",8
迫,辵,urge,"ハク、せま-る haku, sema-ru",8
剝,刀,peel,"ハク、は-がす、は-ぐ、は-がれる、は-げる haku, ha-gasu, ha-gu, ha-gareru, ha-geru",10
舶,舟,liner,ハク haku,11
薄,艸,dilute,"ハク、うす-い、うす-める、うす-まる、うす-らぐ、うす-れる haku, usu-i, usu-meru, usu-maru, usu-ragu, usu-reru",16
漠,水,vague,バク baku,13
縛,糸,truss,"バク、しば-る baku, shiba-ru",16
爆,火,explode,バク baku,19
箸,竹,chopsticks,はし hashi,15
肌,肉,texture,はだ hada,6
鉢,金,bowl,"ハチ、（ハツ） hachi, (hatsu)",13
髪,髟,hair of the head,"ハツ、かみ hatsu, kami",14
伐,人,fell,バツ batsu,6
抜,手,slip out,"バツ、ぬ-く、ぬ-ける、ぬ-かす、ぬ-かる batsu, nu-ku, nu-keru, nu-kasu, nu-karu",7
罰,网,penalty,"バツ、バチ batsu, bachi",14
閥,門,clique,バツ batsu,14
氾,水,spread out,ハン han,5
帆,巾,sail,"ハン、ほ han, ho",6
汎,水,pan-,ハン han,6
伴,人,consort,"ハン、バン、ともな-う han, ban, tomona-u",7
阪,阜,heights,ハン han,7
畔,田,paddy-ridge,ハン han,10
般,舟,generally,ハン han,10
販,貝,marketing,ハン han,11
斑,文,blemish,ハン han,12
搬,手,conveyor,ハン han,13
煩,火,anxiety,"ハン、（ボン）、わずら-う、わずら-わす han, (bon), wazura-u, wazura-wasu",13
頒,頁,partition,ハン han,13
範,竹,pattern,ハン han,15
繁,糸,luxuriant,ハン han,16
藩,艸,clan,ハン han,18
蛮,虫,barbarian,バン ban,12
盤,皿,tray,バン ban,15
妃,女,queen,ヒ hi,6
彼,彳,he,"ヒ、かれ、（かの） hi, kare, (kano)",8
披,手,expose,ヒ hi,8
卑,十,lowly,"ヒ、いや-しい、いや-しむ、いや-しめる hi, iya-shii, iya-shimu, iya-shimeru",9
疲,疒,exhausted,"ヒ、つか-れる hi, tsuka-reru",10
被,衣,incur,"ヒ、こうむ-る hi, kōmu-ru",10
扉,戶,front door,"ヒ、とびら hi, tobira",12
碑,石,tombstone,ヒ hi,14
罷,网,quit,ヒ hi,15
避,辵,evade,"ヒ、さ-ける hi, sa-keru",16
尾,尸,tail,"ビ、お bi, o",7
眉,目,eyebrow,"ビ、（ミ）、まゆ bi, (mi), mayu",9
微,彳,delicate,ビ bi,13
膝,肉,knee,ひざ hiza,15
肘,肉,elbow,ひじ hiji,7
匹,匸,equal,"ヒツ、ひき hitsu, hiki",4
泌,水,ooze,"ヒツ、ヒ hitsu, hi",8
姫,女,princess,ひめ hime,10
漂,水,drift,"ヒョウ、ただよ-う hyō, tadayo-u",14
苗,艸,seedling,"ビョウ、なえ、（なわ） byō, nae, (nawa)",8
描,手,sketch,"ビョウ、えが-く、か-く byō, ega-ku, ka-ku",11
猫,犬,cat,"ビョウ、ねこ byō, neko",11
浜,水,seacoast,"ヒン、はま hin, hama",10
賓,貝,V.I.P.,ヒン hin,15
頻,頁,repeatedly,ヒン hin,17
敏,攴,cleverness,ビン bin,10
瓶,瓦,flower pot,ビン bin,11
扶,手,aid,フ fu,7
怖,心,dreadful,"フ、こわ-い fu, kowa-i",8
阜,阜,mound,（フ）[6] (fu),8
附,阜,affixed,フ fu,8
訃,言,obituary,フ fu,9
赴,走,proceed,"フ、おもむ-く fu, omomu-ku",9
浮,水,floating,"フ、う-く、う-かれる、う-かぶ、う-かべる fu, u-ku, u-kareru, u-kabu, u-kaberu",10
符,竹,token,フ fu,11
普,日,universal,フ fu,12
腐,肉,rot,"フ、くさ-る、くさ-れる、くさ-らす fu, kusa-ru, kusa-reru, kusa-rasu",14
敷,攴,spread,"フ、し-く fu, shi-ku",15
膚,肉,skin,フ fu,15
賦,貝,levy,フ fu,15
譜,言,musical score,フ fu,19
侮,人,scorn,"ブ、あなど-る bu, anado-ru",8
舞,舛,dance,"ブ、ま-う、まい bu, ma-u, mai",15
封,寸,seal,"フウ、ホウ fū, hō",9
伏,人,prostrated,"フク、ふ-せる、ふ-す fuku, fu-seru, fu-su",6
幅,巾,breadth,"フク、はば fuku, haba",12
覆,襾,capsize,"フク、おお-う、くつがえ-す、くつがえ-る fuku, oo-u, kutsugae-su, kutsugae-ru",18
払,手,pay,"フツ、はら-う futsu, hara-u",5
沸,水,seethe,"フツ、わ-く、わ-かす futsu, wa-ku, wa-kasu",8
紛,糸,distract,"フン、まぎ-れる、まぎ-らす、まぎ-らわす、まぎ-らわしい fun, magi-reru, magi-rasu, magi-rawasu, magi-rawashii",10
雰,雨,atmosphere,フン fun,12
噴,口,erupt,"フン、ふ-く fun, fu-ku",15
墳,土,tomb,フン fun,15
憤,心,aroused,"フン、いきどお-る fun, ikidoo-ru",15
丙,一,third class,ヘイ hei,5
併,人,join,"ヘイ、あわ-せる hei, awa-seru",8
柄,木,design,"ヘイ、がら、え hei, gara, e",9
塀,土,fence,ヘイ hei,12
幣,巾,cash,ヘイ hei,15
弊,廾,abuse,ヘイ hei,15
蔽,艸,cover,ヘイ hei,15
餅,食,mochi rice cake,"ヘイ、もち hei, mochi",15
壁,土,wall,"ヘキ、かべ heki, kabe",16
璧,玉,sphere,ヘキ heki,18
癖,疒,mannerism,"ヘキ、くせ heki, kuse",18
蔑,艸,ignore,"ベツ、さげす-む betsu, sagesu-mu",14
偏,人,partial,"ヘン、かたよ-る hen, katayo-ru",11
遍,辵,everywhere,ヘン hen,12
哺,口,suckle,ホ ho,10
捕,手,catch,"ホ、と-らえる、と-らわれる、と-る、つか-まえる、つか-まる ho, to-raeru, to-rawareru, to-ru, tsuka-maeru, tsuka-maru",10
舗,舌,pavement,ホ ho,15
募,力,recruit,"ボ、つの-る bo, tsuno-ru",12
慕,心,pining,"ボ、した-う bo, shita-u",14
簿,竹,register,ボ bo,19
芳,艸,perfume,"ホウ、かんば-しい hō, kanba-shii",7
邦,邑,home country,ホウ hō,7
奉,大,observance,"ホウ、（ブ）、たてまつ-る hō, (bu), tatematsu-ru",8
抱,手,embrace,"ホウ、だ-く、いだ-く、かか-える hō, da-ku, ida-ku, kaka-eru",8
泡,水,bubbles,"ホウ、あわ hō, awa",8
胞,肉,placenta,ホウ hō,9
俸,人,salary,ホウ hō,10
倣,人,emulate,"ホウ、なら-う hō, nara-u",10
峰,山,summit,"ホウ、みね hō, mine",10
砲,石,cannon,ホウ hō,10
崩,山,crumble,"ホウ、くず-れる、くず-す hō, kuzu-reru, kuzu-su",11
蜂,虫,bee,"ホウ、はち hō, hachi",13
飽,食,sated,"ホウ、あ-きる、あ-かす hō, a-kiru, a-kasu",13
褒,衣,praise,"ホウ、ほ-める hō, ho-meru",15
縫,糸,sew,"ホウ、ぬ-う hō, nu-u",16
乏,丿,scarce,"ボウ、とぼ-しい bō, tobo-shii",4
忙,心,busy,"ボウ、いそが-しい bō, isoga-shii",6
坊,土,boy,"ボウ、（ボッ） bō, (bo')",7
妨,女,disturb,"ボウ、さまた-げる bō, samata-geru",7
房,戶,tassel,"ボウ、ふさ bō, fusa",8
肪,肉,obese,ボウ bō,8
某,木,so-and-so,ボウ bō,9
冒,冂,risk,"ボウ、おか-す bō, oka-su",9
剖,刀,divide,ボウ bō,10
紡,糸,spinning,"ボウ、つむ-ぐ bō, tsumu-gu",10
傍,人,bystander,"ボウ、かたわ-ら bō, katawa-ra",12
帽,巾,cap,ボウ bō,12
貌,豸,appearance,ボウ bō,14
膨,肉,swell,"ボウ、ふく-らむ、ふく-れる bō, fuku-ramu, fuku-reru",16
謀,言,conspire,"ボウ、（ム）、はか-る bō, (mu), haka-ru",16
頰,頁,cheek,ほお hoo,16
朴,木,crude,ボク boku,6
睦,目,harmonious,ボク boku,13
僕,人,me,ボク boku,14
墨,土,black ink,"ボク、すみ boku, sumi",14
撲,手,slap,ボク boku,15
没,水,drown,ボツ botsu,7
勃,力,rise,ボツ botsu,9
堀,土,ditch,ほり hori,11
奔,大,bustle,ホン hon,8
翻,飛,flip,"ホン、ひるがえ-る、ひるがえ-す hon, hirugae-ru, hirugae-su",18
凡,几,mediocre,"ボン、（ハン） bon, (han)",3
盆,皿,basin,ボン bon,9
麻,麻,hemp,"マ、あさ ma, asa",11
摩,手,chafe,マ ma,15
磨,石,grind,"マ、みが-く ma, miga-ku",16
魔,鬼,witch,マ ma,21
昧,日,foolish,マイ mai,9
埋,土,bury,"マイ、う-める、う-まる、う-もれる mai, u-meru, u-maru, u-moreru",10
膜,肉,membrane,マク maku,14
枕,木,pillow,まくら makura,8
又,又,or again,また mata,2
抹,手,rub,マツ matsu,8
慢,心,ridicule,マン man,14
漫,水,cartoon,マン man,14
魅,鬼,fascination,ミ mi,15
岬,山,headland,みさき misaki,8
蜜,虫,honey,ミツ mitsu,14
妙,女,exquisite,ミョウ myō,7
眠,目,sleep,"ミン、ねむ-る、ねむ-い min, nemu-ru, nemu-i",10
矛,矛,halberd,"ム、ほこ mu, hoko",5
霧,雨,fog,"ム、きり mu, kiri",19
娘,女,daughter,むすめ musume,10
冥,冖,dark,"メイ、ミョウ mei, myō",10
銘,金,inscription,メイ mei,14
滅,水,destroy,"メツ、ほろ-びる、ほろ-ぼす metsu, horo-biru, horo-bosu",13
免,儿,excuse,"メン、まぬか-れる men, manuka-reru",8
麺,麥,noodles,メン men,16
茂,艸,overgrown,"モ、しげ-る mo, shige-ru",8
妄,女,delusion,"モウ、ボウ mō, bō",6
盲,目,blind,モウ mō,8
耗,耒,decrease,"モウ、（コウ） mō, (kō)",10
猛,犬,fierce,モウ mō,11
網,糸,netting,"モウ、あみ mō, ami",14
黙,黑,silence,"モク、だま-る moku, dama-ru",15
紋,糸,family crest,モン mon,10
冶,冫,melting,ヤ ya,7
弥,弓,all the more,や ya,8
厄,厂,unlucky,ヤク yaku,4
躍,足,leap,"ヤク、おど-る yaku, odo-ru",21
闇,門,darkness,やみ yami,17
喩,口,metaphor,ユ yu,12
愉,心,pleasure,ユ yu,12
諭,言,rebuke,"ユ、さと-す yu, sato-su",16
癒,疒,healing,"ユ、い-える、い-やす yu, i-eru, i-yasu",18
唯,口,solely,"ユイ、（イ） yui, (i)",11
幽,幺,seclude,ユウ yū,9
悠,心,permanence,ユウ yū,11
湧,水,boil,"ユウ、わ-く yū, wa-ku",12
猶,犬,furthermore,ユウ yū,12
裕,衣,abundant,ユウ yū,12
雄,隹,male,"ユウ、お、おす yū, o, osu",12
誘,言,entice,"ユウ、さそ-う yū, saso-u",14
憂,心,melancholy,"ユウ、うれ-える、うれ-い、う-い yū, ure-eru, ure-i, u-i",15
融,虫,dissolve,ユウ yū,16
与,臼,give,"ヨ、あた-える yo, ata-eru",3
誉,言,reputation,"ヨ、ほま-れ yo, homa-re",13
妖,女,bewitching,"ヨウ、あや-しい yō, aya-shii",7
庸,广,commonplace,ヨウ yō,11
揚,手,hoist,"ヨウ、あ-げる、あ-がる yō, a-geru, a-garu",12
揺,手,swing,"ヨウ、ゆ-れる、ゆ-る、ゆ-らぐ、ゆ-るぐ、ゆ-する、ゆ-さぶる、ゆ-すぶる yō, yu-reru, yu-ru, yu-ragu, yu-rugu, yu-suru, yu-saburu, yu-suburu",12
溶,水,melt,"ヨウ、と-ける、と-かす、と-く yō, to-keru, to-kasu, to-ku",13
腰,肉,loins,"ヨウ、こし yō, koshi",13
瘍,疒,boil (medical),ヨウ yō,14
踊,足,jump,"ヨウ、おど-る、おど-り yō, odo-ru, odo-ri",14
窯,穴,kiln,"ヨウ、かま yō, kama",15
擁,手,embrace,ヨウ yō,16
謡,言,noh chanting,"ヨウ、うたい、うた-う yō, utai, uta-u",16
抑,手,repress,"ヨク、おさ-える yoku, osa-eru",7
沃,水,fertility,ヨク yoku,7
翼,羽,wing,"ヨク、つばさ yoku, tsubasa",17
拉,手,crush,ラ ra,8
裸,衣,naked,"ラ、はだか ra, hadaka",13
羅,网,gauze,ラ ra,19
雷,雨,thunder,"ライ、かみなり rai, kaminari",13
頼,貝,trust,"ライ、たの-む、たの-もしい、たよ-る rai, tano-mu, tano-moshii, tayo-ru",16
絡,糸,entwine,"ラク、から-む、から-まる、から-める raku, kara-mu, kara-maru, kara-meru",12
酪,酉,dairy products,ラク raku,13
辣,辛,bitter,ラツ ratsu,14
濫,水,excessive,ラン ran,18
藍,艸,indigo,"ラン、あい ran, ai",18
欄,木,column,ラン ran,20
吏,口,officer,リ ri,6
痢,疒,diarrhea,リ ri,12
履,尸,footgear,"リ、は-く ri, ha-ku",15
璃,玉,glassy,リ ri,15
離,隹,detach,"リ、はな-れる、はな-す ri, hana-reru, hana-su",19
慄,心,fear,リツ ritsu,13
柳,木,willow,"リュウ、やなぎ ryū, yanagi",9
竜,龍,dragon,"リュウ、たつ ryū, tatsu",10
粒,米,grains,"リュウ、つぶ ryū, tsubu",11
隆,阜,hump,リュウ ryū,11
硫,石,sulphur,リュウ ryū,12
侶,人,companion,リョ ryo,9
虜,虍,captive,リョ ryo,13
慮,心,prudence,リョ ryo,15
了,亅,finish,リョウ ryō,2
涼,水,refreshing,"リョウ、すず-しい、すず-む ryō, suzu-shii, suzu-mu",11
猟,犬,game-hunting,リョウ ryō,11
陵,阜,mausoleum,"リョウ、みささぎ ryō, misasagi",11
僚,人,colleague,リョウ ryō,14
寮,宀,dormitory,リョウ ryō,15
療,疒,heal,リョウ ryō,17
瞭,目,clear,リョウ ryō,17
糧,米,provisions,"リョウ、（ロウ）、かて ryō, (rō), kate",18
厘,厂,thousandth,リン rin,9
倫,人,ethics,リン rin,10
隣,阜,neighboring,"リン、とな-る、となり rin, tona-ru, tonari",16
瑠,玉,lapis lazuli,ル ru,14
涙,水,tears,"ルイ、なみだ rui, namida",10
累,糸,accumulate,ルイ rui,11
塁,土,bases,ルイ rui,12
励,力,encourage,"レイ、はげ-む、はげ-ます rei, hage-mu, hage-masu",7
戻,戶,re-,"レイ、もど-す、もど-る rei, modo-su, modo-ru",7
鈴,金,small bell,"レイ、リン、すず rei, rin, suzu",13
零,雨,zero,レイ rei,13
霊,雨,spirits,"レイ、リョウ、たま rei, ryō, tama",15
隷,隶,slave,レイ rei,16
齢,齒,age,レイ rei,17
麗,鹿,lovely,"レイ、うるわ-しい rei, uruwa-shii",19
暦,日,calendar,"レキ、こよみ reki, koyomi",14
劣,力,inferiority,"レツ、おと-る retsu, oto-ru",6
烈,火,ardent,レツ retsu,10
裂,衣,split,"レツ、さ-く、さ-ける retsu, sa-ku, sa-keru",12
恋,心,romance,"レン、こ-う、こい、こい-しい ren, ko-u, koi, koi-shii",10
廉,广,bargain,レン ren,13
錬,金,tempering,レン ren,16
呂,口,spine,ロ ro,7
炉,火,hearth,ロ ro,8
賂,貝,bribe,ロ ro,13
露,雨,dew,"ロ、（ロウ）、つゆ ro, (rō), tsuyu",21
弄,廾,tamper with,"ロウ、もてあそ-ぶ rō, moteaso-bu",7
郎,邑,son,ロウ rō,9
浪,水,wandering,ロウ rō,10
廊,广,corridor,ロウ rō,12
楼,木,watchtower,ロウ rō,13
漏,水,leak,"ロウ、も-る、も-れる、も-らす rō, mo-ru, mo-reru, mo-rasu",14
籠,竹,basket,"ロウ、かご、こ-もる rō, kago, ko-moru",22
麓,鹿,foot of a mountain,"ロク、ふもと roku, fumoto",19
賄,貝,bribe,"ワイ、まかな-う wai, makana-u",13
脇,肉,aside,わき waki,10
惑,心,beguile,"ワク、まど-う waku, mado-u",12
枠,木,frame,わく waku,8
湾,水,gulf,ワン wan,12
腕,肉,arm,"ワン、うで wan, ude",12
